name,obj_number,c1X,c1Y,c2X,c2Y,c3X,c3Y,c4X,c4Y,c5X,c5Y,c6X,c6Y,c7X,c7Y,c8X1,c8Y2,b1Xmin,b1Ymin,b1Xmax,b1Ymax,b2Xmin,b2Ymin,b2Xmax,b2Ymax,b3Xmin,b3Ymin,b3Xmax,b3Ymax,b4Xmin,b4Ymin,b4Xmax,b4Ymax,b5Xmin,b5Ymin,b5Xmax,b5Ymax,b6Xmin,b6Ymin,b6Xmax,b6Ymax,b7Xmin,b7Ymin,b7Xmax,b7Ymax,b8Xmin,b8Ymin,b8Xmax,b8Ymax
"""Train/pos/crop001001.png""",3,396,185,119,385,219,235,0,0,0,0,0,0,0,0,0,0,261,109,511,705,31,326,209,712,148,179,290,641,0,0,0,0,0,0,0,0,0,0,0,0,0,0,0,0,0,0,0,0
"""Train/pos/crop001002.png""",2,607,312,610,263,0,0,0,0,0,0,0,0,0,0,0,0,270,242,704,901,570,174,959,957,0,0,0,0,0,0,0,0,0,0,0,0,0,0,0,0,0,0,0,0,0,0,0,0
"""Train/pos/crop001003.png""",2,388,182,537,135,0,0,0,0,0,0,0,0,0,0,0,0,293,117,478,712,443,62,660,711,0,0,0,0,0,0,0,0,0,0,0,0,0,0,0,0,0,0,0,0,0,0,0,0
"""Train/pos/crop001004.png""",2,436,201,543,251,0,0,0,0,0,0,0,0,0,0,0,0,328,135,510,717,467,185,581,739,0,0,0,0,0,0,0,0,0,0,0,0,0,0,0,0,0,0,0,0,0,0,0,0
"""Train/pos/crop001005.png""",2,408,277,473,227,0,0,0,0,0,0,0,0,0,0,0,0,268,186,457,941,344,133,635,939,0,0,0,0,0,0,0,0,0,0,0,0,0,0,0,0,0,0,0,0,0,0,0,0
"""Train/pos/crop001006.png""",2,507,188,634,148,0,0,0,0,0,0,0,0,0,0,0,0,374,114,616,701,552,88,736,688,0,0,0,0,0,0,0,0,0,0,0,0,0,0,0,0,0,0,0,0,0,0,0,0
"""Train/pos/crop001007.png""",5,320,290,459,260,651,271,812,330,950,352,0,0,0,0,0,0,235,236,399,724,380,207,550,724,548,222,729,739,723,279,925,754,889,292,1097,765,0,0,0,0,0,0,0,0,0,0,0,0
"""Train/pos/crop001008.png""",2,238,302,381,342,0,0,0,0,0,0,0,0,0,0,0,0,212,286,265,413,355,322,416,443,0,0,0,0,0,0,0,0,0,0,0,0,0,0,0,0,0,0,0,0,0,0,0,0
"""Train/pos/crop001009.png""",1,257,187,0,0,0,0,0,0,0,0,0,0,0,0,0,0,195,154,297,468,0,0,0,0,0,0,0,0,0,0,0,0,0,0,0,0,0,0,0,0,0,0,0,0,0,0,0,0
"""Train/pos/crop001010.png""",1,344,259,0,0,0,0,0,0,0,0,0,0,0,0,0,0,153,204,421,726,0,0,0,0,0,0,0,0,0,0,0,0,0,0,0,0,0,0,0,0,0,0,0,0,0,0,0,0
"""Train/pos/crop001011.png""",2,344,235,642,229,0,0,0,0,0,0,0,0,0,0,0,0,164,176,433,784,530,167,760,773,0,0,0,0,0,0,0,0,0,0,0,0,0,0,0,0,0,0,0,0,0,0,0,0
"""Train/pos/crop001012.png""",1,411,323,0,0,0,0,0,0,0,0,0,0,0,0,0,0,311,274,511,760,0,0,0,0,0,0,0,0,0,0,0,0,0,0,0,0,0,0,0,0,0,0,0,0,0,0,0,0
"""Train/pos/crop001013.png""",1,381,230,0,0,0,0,0,0,0,0,0,0,0,0,0,0,234,169,554,853,0,0,0,0,0,0,0,0,0,0,0,0,0,0,0,0,0,0,0,0,0,0,0,0,0,0,0,0
"""Train/pos/crop001014.png""",1,468,351,0,0,0,0,0,0,0,0,0,0,0,0,0,0,335,306,510,726,0,0,0,0,0,0,0,0,0,0,0,0,0,0,0,0,0,0,0,0,0,0,0,0,0,0,0,0
"""Train/pos/crop001015.png""",1,339,373,0,0,0,0,0,0,0,0,0,0,0,0,0,0,241,330,400,661,0,0,0,0,0,0,0,0,0,0,0,0,0,0,0,0,0,0,0,0,0,0,0,0,0,0,0,0
"""Train/pos/crop001016.png""",1,355,372,0,0,0,0,0,0,0,0,0,0,0,0,0,0,282,330,426,696,0,0,0,0,0,0,0,0,0,0,0,0,0,0,0,0,0,0,0,0,0,0,0,0,0,0,0,0
"""Train/pos/crop001017.png""",1,308,329,0,0,0,0,0,0,0,0,0,0,0,0,0,0,185,254,437,956,0,0,0,0,0,0,0,0,0,0,0,0,0,0,0,0,0,0,0,0,0,0,0,0,0,0,0,0
"""Train/pos/crop001018.png""",1,380,272,0,0,0,0,0,0,0,0,0,0,0,0,0,0,197,194,484,966,0,0,0,0,0,0,0,0,0,0,0,0,0,0,0,0,0,0,0,0,0,0,0,0,0,0,0,0
"""Train/pos/crop001019.png""",1,337,258,0,0,0,0,0,0,0,0,0,0,0,0,0,0,155,168,512,948,0,0,0,0,0,0,0,0,0,0,0,0,0,0,0,0,0,0,0,0,0,0,0,0,0,0,0,0
"""Train/pos/crop001020.png""",1,453,339,0,0,0,0,0,0,0,0,0,0,0,0,0,0,270,264,470,932,0,0,0,0,0,0,0,0,0,0,0,0,0,0,0,0,0,0,0,0,0,0,0,0,0,0,0,0
"""Train/pos/crop001021.png""",1,532,206,0,0,0,0,0,0,0,0,0,0,0,0,0,0,319,119,700,817,0,0,0,0,0,0,0,0,0,0,0,0,0,0,0,0,0,0,0,0,0,0,0,0,0,0,0,0
"""Train/pos/crop001022.png""",1,373,310,0,0,0,0,0,0,0,0,0,0,0,0,0,0,275,259,501,759,0,0,0,0,0,0,0,0,0,0,0,0,0,0,0,0,0,0,0,0,0,0,0,0,0,0,0,0
"""Train/pos/crop001023.png""",2,387,295,635,311,0,0,0,0,0,0,0,0,0,0,0,0,257,218,512,850,605,234,810,879,0,0,0,0,0,0,0,0,0,0,0,0,0,0,0,0,0,0,0,0,0,0,0,0
"""Train/pos/crop001024.png""",1,426,424,0,0,0,0,0,0,0,0,0,0,0,0,0,0,316,359,531,968,0,0,0,0,0,0,0,0,0,0,0,0,0,0,0,0,0,0,0,0,0,0,0,0,0,0,0,0
"""Train/pos/crop001025.png""",1,410,360,0,0,0,0,0,0,0,0,0,0,0,0,0,0,287,297,509,755,0,0,0,0,0,0,0,0,0,0,0,0,0,0,0,0,0,0,0,0,0,0,0,0,0,0,0,0
"""Train/pos/crop001026.png""",3,400,333,567,361,666,361,0,0,0,0,0,0,0,0,0,0,295,263,504,689,493,305,650,659,641,340,691,467,0,0,0,0,0,0,0,0,0,0,0,0,0,0,0,0,0,0,0,0
"""Train/pos/crop001027.png""",1,431,292,0,0,0,0,0,0,0,0,0,0,0,0,0,0,205,227,670,824,0,0,0,0,0,0,0,0,0,0,0,0,0,0,0,0,0,0,0,0,0,0,0,0,0,0,0,0
"""Train/pos/crop001028.png""",1,383,345,0,0,0,0,0,0,0,0,0,0,0,0,0,0,286,277,561,929,0,0,0,0,0,0,0,0,0,0,0,0,0,0,0,0,0,0,0,0,0,0,0,0,0,0,0,0
"""Train/pos/crop001029.png""",1,401,359,0,0,0,0,0,0,0,0,0,0,0,0,0,0,299,307,506,743,0,0,0,0,0,0,0,0,0,0,0,0,0,0,0,0,0,0,0,0,0,0,0,0,0,0,0,0
"""Train/pos/crop001030.png""",2,377,283,636,292,0,0,0,0,0,0,0,0,0,0,0,0,306,235,403,678,577,262,682,605,0,0,0,0,0,0,0,0,0,0,0,0,0,0,0,0,0,0,0,0,0,0,0,0
"""Train/pos/crop001031.png""",1,403,290,0,0,0,0,0,0,0,0,0,0,0,0,0,0,313,250,456,656,0,0,0,0,0,0,0,0,0,0,0,0,0,0,0,0,0,0,0,0,0,0,0,0,0,0,0,0
"""Train/pos/crop001032.png""",1,421,277,0,0,0,0,0,0,0,0,0,0,0,0,0,0,322,226,529,785,0,0,0,0,0,0,0,0,0,0,0,0,0,0,0,0,0,0,0,0,0,0,0,0,0,0,0,0
"""Train/pos/crop001033.png""",1,437,332,0,0,0,0,0,0,0,0,0,0,0,0,0,0,317,244,607,956,0,0,0,0,0,0,0,0,0,0,0,0,0,0,0,0,0,0,0,0,0,0,0,0,0,0,0,0
"""Train/pos/crop001034.png""",1,415,294,0,0,0,0,0,0,0,0,0,0,0,0,0,0,312,240,475,731,0,0,0,0,0,0,0,0,0,0,0,0,0,0,0,0,0,0,0,0,0,0,0,0,0,0,0,0
"""Train/pos/crop001035.png""",1,321,278,0,0,0,0,0,0,0,0,0,0,0,0,0,0,226,205,449,970,0,0,0,0,0,0,0,0,0,0,0,0,0,0,0,0,0,0,0,0,0,0,0,0,0,0,0,0
"""Train/pos/crop001036.png""",1,314,346,0,0,0,0,0,0,0,0,0,0,0,0,0,0,232,277,394,733,0,0,0,0,0,0,0,0,0,0,0,0,0,0,0,0,0,0,0,0,0,0,0,0,0,0,0,0
"""Train/pos/crop001037.png""",1,350,254,0,0,0,0,0,0,0,0,0,0,0,0,0,0,263,196,448,770,0,0,0,0,0,0,0,0,0,0,0,0,0,0,0,0,0,0,0,0,0,0,0,0,0,0,0,0
"""Train/pos/crop001038.png""",4,737,363,450,451,322,386,231,362,0,0,0,0,0,0,0,0,679,332,801,676,368,415,539,641,267,357,383,640,161,344,267,651,0,0,0,0,0,0,0,0,0,0,0,0,0,0,0,0
"""Train/pos/crop001039.png""",2,496,368,357,370,0,0,0,0,0,0,0,0,0,0,0,0,419,320,561,788,266,304,408,794,0,0,0,0,0,0,0,0,0,0,0,0,0,0,0,0,0,0,0,0,0,0,0,0
"""Train/pos/crop001040.png""",1,299,198,0,0,0,0,0,0,0,0,0,0,0,0,0,0,222,164,329,545,0,0,0,0,0,0,0,0,0,0,0,0,0,0,0,0,0,0,0,0,0,0,0,0,0,0,0,0
"""Train/pos/crop001042.png""",2,442,288,281,242,0,0,0,0,0,0,0,0,0,0,0,0,337,224,475,868,224,192,315,710,0,0,0,0,0,0,0,0,0,0,0,0,0,0,0,0,0,0,0,0,0,0,0,0
"""Train/pos/crop001043.png""",1,281,277,0,0,0,0,0,0,0,0,0,0,0,0,0,0,145,201,312,866,0,0,0,0,0,0,0,0,0,0,0,0,0,0,0,0,0,0,0,0,0,0,0,0,0,0,0,0
"""Train/pos/crop001044.png""",1,215,162,0,0,0,0,0,0,0,0,0,0,0,0,0,0,186,135,243,325,0,0,0,0,0,0,0,0,0,0,0,0,0,0,0,0,0,0,0,0,0,0,0,0,0,0,0,0
"""Train/pos/crop001045.png""",1,185,190,0,0,0,0,0,0,0,0,0,0,0,0,0,0,161,172,204,306,0,0,0,0,0,0,0,0,0,0,0,0,0,0,0,0,0,0,0,0,0,0,0,0,0,0,0,0
"""Train/pos/crop001046.png""",1,222,165,0,0,0,0,0,0,0,0,0,0,0,0,0,0,163,137,257,350,0,0,0,0,0,0,0,0,0,0,0,0,0,0,0,0,0,0,0,0,0,0,0,0,0,0,0,0
"""Train/pos/crop001047.png""",1,249,214,0,0,0,0,0,0,0,0,0,0,0,0,0,0,216,194,274,376,0,0,0,0,0,0,0,0,0,0,0,0,0,0,0,0,0,0,0,0,0,0,0,0,0,0,0,0
"""Train/pos/crop001048.png""",1,271,236,0,0,0,0,0,0,0,0,0,0,0,0,0,0,250,207,362,515,0,0,0,0,0,0,0,0,0,0,0,0,0,0,0,0,0,0,0,0,0,0,0,0,0,0,0,0
"""Train/pos/crop001049.png""",1,195,138,0,0,0,0,0,0,0,0,0,0,0,0,0,0,172,123,212,214,0,0,0,0,0,0,0,0,0,0,0,0,0,0,0,0,0,0,0,0,0,0,0,0,0,0,0,0
"""Train/pos/crop001050.png""",5,502,316,272,338,223,301,181,299,406,338,0,0,0,0,0,0,432,272,561,765,218,296,363,732,199,280,248,446,153,286,207,443,380,320,434,481,0,0,0,0,0,0,0,0,0,0,0,0
"""Train/pos/crop001051.png""",2,300,299,222,294,0,0,0,0,0,0,0,0,0,0,0,0,214,267,363,638,152,268,257,495,0,0,0,0,0,0,0,0,0,0,0,0,0,0,0,0,0,0,0,0,0,0,0,0
"""Train/pos/crop001052.png""",1,205,205,0,0,0,0,0,0,0,0,0,0,0,0,0,0,165,171,246,362,0,0,0,0,0,0,0,0,0,0,0,0,0,0,0,0,0,0,0,0,0,0,0,0,0,0,0,0
"""Train/pos/crop001053.png""",1,308,314,0,0,0,0,0,0,0,0,0,0,0,0,0,0,209,250,447,931,0,0,0,0,0,0,0,0,0,0,0,0,0,0,0,0,0,0,0,0,0,0,0,0,0,0,0,0
"""Train/pos/crop001054.png""",2,326,224,236,236,0,0,0,0,0,0,0,0,0,0,0,0,279,197,401,466,217,223,255,326,0,0,0,0,0,0,0,0,0,0,0,0,0,0,0,0,0,0,0,0,0,0,0,0
"""Train/pos/crop001055.png""",1,156,268,0,0,0,0,0,0,0,0,0,0,0,0,0,0,111,240,227,537,0,0,0,0,0,0,0,0,0,0,0,0,0,0,0,0,0,0,0,0,0,0,0,0,0,0,0,0
"""Train/pos/crop001056.png""",2,198,193,278,195,0,0,0,0,0,0,0,0,0,0,0,0,173,176,224,306,253,179,304,313,0,0,0,0,0,0,0,0,0,0,0,0,0,0,0,0,0,0,0,0,0,0,0,0
"""Train/pos/crop001057.png""",1,283,215,0,0,0,0,0,0,0,0,0,0,0,0,0,0,246,189,320,438,0,0,0,0,0,0,0,0,0,0,0,0,0,0,0,0,0,0,0,0,0,0,0,0,0,0,0,0
"""Train/pos/crop001058.png""",1,394,309,0,0,0,0,0,0,0,0,0,0,0,0,0,0,284,249,518,905,0,0,0,0,0,0,0,0,0,0,0,0,0,0,0,0,0,0,0,0,0,0,0,0,0,0,0,0
"""Train/pos/crop001059.png""",1,219,303,0,0,0,0,0,0,0,0,0,0,0,0,0,0,160,243,395,812,0,0,0,0,0,0,0,0,0,0,0,0,0,0,0,0,0,0,0,0,0,0,0,0,0,0,0,0
"""Train/pos/crop001060.png""",1,310,331,0,0,0,0,0,0,0,0,0,0,0,0,0,0,165,276,437,971,0,0,0,0,0,0,0,0,0,0,0,0,0,0,0,0,0,0,0,0,0,0,0,0,0,0,0,0
"""Train/pos/crop001061.png""",2,348,317,531,380,0,0,0,0,0,0,0,0,0,0,0,0,291,276,441,678,511,363,561,495,0,0,0,0,0,0,0,0,0,0,0,0,0,0,0,0,0,0,0,0,0,0,0,0
"""Train/pos/crop001063.png""",4,301,282,193,339,134,326,332,336,0,0,0,0,0,0,0,0,198,237,325,808,151,315,210,537,95,292,153,532,310,310,371,545,0,0,0,0,0,0,0,0,0,0,0,0,0,0,0,0
"""Train/pos/crop001064.png""",4,203,176,360,223,493,174,658,162,0,0,0,0,0,0,0,0,147,143,247,476,293,182,403,499,439,139,560,488,584,128,710,510,0,0,0,0,0,0,0,0,0,0,0,0,0,0,0,0
"""Train/pos/crop001066.png""",1,353,236,0,0,0,0,0,0,0,0,0,0,0,0,0,0,237,178,420,649,0,0,0,0,0,0,0,0,0,0,0,0,0,0,0,0,0,0,0,0,0,0,0,0,0,0,0,0
"""Train/pos/crop001068.png""",1,319,224,0,0,0,0,0,0,0,0,0,0,0,0,0,0,204,171,407,587,0,0,0,0,0,0,0,0,0,0,0,0,0,0,0,0,0,0,0,0,0,0,0,0,0,0,0,0
"""Train/pos/crop001069.png""",2,183,164,124,148,0,0,0,0,0,0,0,0,0,0,0,0,160,143,218,296,95,130,153,262,0,0,0,0,0,0,0,0,0,0,0,0,0,0,0,0,0,0,0,0,0,0,0,0
"""Train/pos/crop001070.png""",1,315,237,0,0,0,0,0,0,0,0,0,0,0,0,0,0,232,179,432,788,0,0,0,0,0,0,0,0,0,0,0,0,0,0,0,0,0,0,0,0,0,0,0,0,0,0,0,0
"""Train/pos/crop001071.png""",1,258,282,0,0,0,0,0,0,0,0,0,0,0,0,0,0,215,250,373,652,0,0,0,0,0,0,0,0,0,0,0,0,0,0,0,0,0,0,0,0,0,0,0,0,0,0,0,0
"""Train/pos/crop001072.png""",6,335,304,469,372,578,354,692,326,763,321,847,322,0,0,0,0,262,253,421,813,403,332,564,811,480,301,639,808,606,278,719,786,681,274,794,764,815,277,955,765,0,0,0,0,0,0,0,0
"""Train/pos/crop001073.png""",2,135,264,271,197,0,0,0,0,0,0,0,0,0,0,0,0,76,211,241,732,239,178,289,334,0,0,0,0,0,0,0,0,0,0,0,0,0,0,0,0,0,0,0,0,0,0,0,0
"""Train/pos/crop001074.png""",7,208,226,257,229,309,296,366,335,426,237,476,258,537,220,0,0,165,203,234,420,210,207,292,433,281,272,341,481,349,314,395,466,396,206,467,449,433,231,511,463,511,204,563,333,0,0,0,0
"""Train/pos/crop001075.png""",2,203,307,267,255,0,0,0,0,0,0,0,0,0,0,0,0,169,285,230,474,214,208,321,588,0,0,0,0,0,0,0,0,0,0,0,0,0,0,0,0,0,0,0,0,0,0,0,0
"""Train/pos/crop001078.png""",3,219,148,303,159,389,134,0,0,0,0,0,0,0,0,0,0,178,120,272,362,269,132,345,359,368,121,410,245,0,0,0,0,0,0,0,0,0,0,0,0,0,0,0,0,0,0,0,0
"""Train/pos/crop001079.png""",6,394,379,384,222,232,215,306,236,334,220,452,231,0,0,0,0,364,349,441,575,351,200,411,371,164,180,319,596,282,220,332,361,314,205,356,307,436,218,469,307,0,0,0,0,0,0,0,0
"""Train/pos/crop001081.png""",3,198,171,163,64,217,66,0,0,0,0,0,0,0,0,0,0,156,138,218,358,145,50,172,156,202,51,239,152,0,0,0,0,0,0,0,0,0,0,0,0,0,0,0,0,0,0,0,0
"""Train/pos/crop001083.png""",3,356,271,184,258,88,262,0,0,0,0,0,0,0,0,0,0,261,226,382,673,146,236,217,408,55,241,110,431,0,0,0,0,0,0,0,0,0,0,0,0,0,0,0,0,0,0,0,0
"""Train/pos/crop001084.png""",1,364,358,0,0,0,0,0,0,0,0,0,0,0,0,0,0,214,301,394,973,0,0,0,0,0,0,0,0,0,0,0,0,0,0,0,0,0,0,0,0,0,0,0,0,0,0,0,0
"""Train/pos/crop001085.png""",1,218,249,0,0,0,0,0,0,0,0,0,0,0,0,0,0,172,213,260,508,0,0,0,0,0,0,0,0,0,0,0,0,0,0,0,0,0,0,0,0,0,0,0,0,0,0,0,0
"""Train/pos/crop001086.png""",2,321,315,183,308,0,0,0,0,0,0,0,0,0,0,0,0,210,266,403,786,127,276,230,647,0,0,0,0,0,0,0,0,0,0,0,0,0,0,0,0,0,0,0,0,0,0,0,0
"""Train/pos/crop001087.png""",1,168,276,0,0,0,0,0,0,0,0,0,0,0,0,0,0,105,247,223,571,0,0,0,0,0,0,0,0,0,0,0,0,0,0,0,0,0,0,0,0,0,0,0,0,0,0,0,0
"""Train/pos/crop001088.png""",1,281,276,0,0,0,0,0,0,0,0,0,0,0,0,0,0,230,182,438,945,0,0,0,0,0,0,0,0,0,0,0,0,0,0,0,0,0,0,0,0,0,0,0,0,0,0,0,0
"""Train/pos/crop001089.png""",1,365,278,0,0,0,0,0,0,0,0,0,0,0,0,0,0,251,217,460,828,0,0,0,0,0,0,0,0,0,0,0,0,0,0,0,0,0,0,0,0,0,0,0,0,0,0,0,0
"""Train/pos/crop001090.png""",1,408,301,0,0,0,0,0,0,0,0,0,0,0,0,0,0,327,259,501,771,0,0,0,0,0,0,0,0,0,0,0,0,0,0,0,0,0,0,0,0,0,0,0,0,0,0,0,0
"""Train/pos/crop001091.png""",1,378,255,0,0,0,0,0,0,0,0,0,0,0,0,0,0,286,189,456,804,0,0,0,0,0,0,0,0,0,0,0,0,0,0,0,0,0,0,0,0,0,0,0,0,0,0,0,0
"""Train/pos/crop001092.png""",1,390,259,0,0,0,0,0,0,0,0,0,0,0,0,0,0,247,178,471,896,0,0,0,0,0,0,0,0,0,0,0,0,0,0,0,0,0,0,0,0,0,0,0,0,0,0,0,0
"""Train/pos/crop001093.png""",3,610,260,421,355,291,290,0,0,0,0,0,0,0,0,0,0,467,190,664,806,296,298,474,852,170,224,337,792,0,0,0,0,0,0,0,0,0,0,0,0,0,0,0,0,0,0,0,0
"""Train/pos/crop001094.png""",5,331,299,474,296,565,290,176,298,624,285,0,0,0,0,0,0,257,250,374,674,405,252,545,674,524,255,611,494,130,278,207,472,579,260,664,496,0,0,0,0,0,0,0,0,0,0,0,0
"""Train/pos/crop001095.png""",2,478,275,275,235,0,0,0,0,0,0,0,0,0,0,0,0,383,225,562,750,162,156,376,850,0,0,0,0,0,0,0,0,0,0,0,0,0,0,0,0,0,0,0,0,0,0,0,0
"""Train/pos/crop001096.png""",1,239,256,0,0,0,0,0,0,0,0,0,0,0,0,0,0,192,209,327,591,0,0,0,0,0,0,0,0,0,0,0,0,0,0,0,0,0,0,0,0,0,0,0,0,0,0,0,0
"""Train/pos/crop001097.png""",3,352,179,252,170,501,188,0,0,0,0,0,0,0,0,0,0,315,148,388,375,223,144,292,364,473,167,529,356,0,0,0,0,0,0,0,0,0,0,0,0,0,0,0,0,0,0,0,0
"""Train/pos/crop001098.png""",1,356,197,0,0,0,0,0,0,0,0,0,0,0,0,0,0,319,175,386,383,0,0,0,0,0,0,0,0,0,0,0,0,0,0,0,0,0,0,0,0,0,0,0,0,0,0,0,0
"""Train/pos/crop001099.png""",2,295,282,109,463,0,0,0,0,0,0,0,0,0,0,0,0,175,226,414,799,61,414,183,824,0,0,0,0,0,0,0,0,0,0,0,0,0,0,0,0,0,0,0,0,0,0,0,0
"""Train/pos/crop001102.png""",7,168,231,249,204,393,203,475,218,548,210,612,206,655,187,0,0,98,191,237,572,213,182,279,380,339,179,438,424,427,187,514,423,514,186,587,402,582,180,648,433,623,159,705,430,0,0,0,0
"""Train/pos/crop001103.png""",1,281,225,0,0,0,0,0,0,0,0,0,0,0,0,0,0,237,194,317,401,0,0,0,0,0,0,0,0,0,0,0,0,0,0,0,0,0,0,0,0,0,0,0,0,0,0,0,0
"""Train/pos/crop001104.png""",3,276,321,387,448,172,293,0,0,0,0,0,0,0,0,0,0,198,279,360,682,366,414,432,670,88,235,247,653,0,0,0,0,0,0,0,0,0,0,0,0,0,0,0,0,0,0,0,0
"""Train/pos/crop001105.png""",1,258,329,0,0,0,0,0,0,0,0,0,0,0,0,0,0,199,309,274,520,0,0,0,0,0,0,0,0,0,0,0,0,0,0,0,0,0,0,0,0,0,0,0,0,0,0,0,0
"""Train/pos/crop001106.png""",1,297,260,0,0,0,0,0,0,0,0,0,0,0,0,0,0,217,218,416,664,0,0,0,0,0,0,0,0,0,0,0,0,0,0,0,0,0,0,0,0,0,0,0,0,0,0,0,0
"""Train/pos/crop001107.png""",3,365,255,601,376,782,316,0,0,0,0,0,0,0,0,0,0,243,200,491,872,515,330,672,931,670,259,842,846,0,0,0,0,0,0,0,0,0,0,0,0,0,0,0,0,0,0,0,0
"""Train/pos/crop001108.png""",1,211,197,0,0,0,0,0,0,0,0,0,0,0,0,0,0,171,177,288,448,0,0,0,0,0,0,0,0,0,0,0,0,0,0,0,0,0,0,0,0,0,0,0,0,0,0,0,0
"""Train/pos/crop001109.png""",1,259,161,0,0,0,0,0,0,0,0,0,0,0,0,0,0,222,130,312,423,0,0,0,0,0,0,0,0,0,0,0,0,0,0,0,0,0,0,0,0,0,0,0,0,0,0,0,0
"""Train/pos/crop001110.png""",2,246,300,288,307,0,0,0,0,0,0,0,0,0,0,0,0,216,284,262,476,249,287,325,477,0,0,0,0,0,0,0,0,0,0,0,0,0,0,0,0,0,0,0,0,0,0,0,0
"""Train/pos/crop001111.png""",1,250,275,0,0,0,0,0,0,0,0,0,0,0,0,0,0,214,256,280,475,0,0,0,0,0,0,0,0,0,0,0,0,0,0,0,0,0,0,0,0,0,0,0,0,0,0,0,0
"""Train/pos/crop001112.png""",2,301,222,250,219,0,0,0,0,0,0,0,0,0,0,0,0,283,210,322,310,233,204,273,308,0,0,0,0,0,0,0,0,0,0,0,0,0,0,0,0,0,0,0,0,0,0,0,0
"""Train/pos/crop001113.png""",3,299,311,178,60,451,83,0,0,0,0,0,0,0,0,0,0,217,260,376,745,152,39,214,212,430,64,481,211,0,0,0,0,0,0,0,0,0,0,0,0,0,0,0,0,0,0,0,0
"""Train/pos/crop001114.png""",3,511,280,369,332,703,291,0,0,0,0,0,0,0,0,0,0,438,236,597,787,275,303,443,710,653,246,834,774,0,0,0,0,0,0,0,0,0,0,0,0,0,0,0,0,0,0,0,0
"""Train/pos/crop001115.png""",2,255,139,197,178,0,0,0,0,0,0,0,0,0,0,0,0,236,123,283,305,170,160,226,304,0,0,0,0,0,0,0,0,0,0,0,0,0,0,0,0,0,0,0,0,0,0,0,0
"""Train/pos/crop001116.png""",2,404,179,201,192,0,0,0,0,0,0,0,0,0,0,0,0,371,157,438,315,179,172,223,321,0,0,0,0,0,0,0,0,0,0,0,0,0,0,0,0,0,0,0,0,0,0,0,0
"""Train/pos/crop001119.png""",1,99,179,0,0,0,0,0,0,0,0,0,0,0,0,0,0,80,165,118,265,0,0,0,0,0,0,0,0,0,0,0,0,0,0,0,0,0,0,0,0,0,0,0,0,0,0,0,0
"""Train/pos/crop001120.png""",4,245,172,294,179,385,180,437,198,0,0,0,0,0,0,0,0,220,153,275,322,264,153,316,332,347,156,415,325,409,180,467,336,0,0,0,0,0,0,0,0,0,0,0,0,0,0,0,0
"""Train/pos/crop001121.png""",3,219,226,289,190,368,182,0,0,0,0,0,0,0,0,0,0,194,211,240,353,245,164,322,362,343,160,419,357,0,0,0,0,0,0,0,0,0,0,0,0,0,0,0,0,0,0,0,0
"""Train/pos/crop001122.png""",2,303,220,239,216,0,0,0,0,0,0,0,0,0,0,0,0,267,193,339,406,206,194,269,401,0,0,0,0,0,0,0,0,0,0,0,0,0,0,0,0,0,0,0,0,0,0,0,0
"""Train/pos/crop001123.png""",2,243,177,301,166,0,0,0,0,0,0,0,0,0,0,0,0,188,142,290,477,269,141,346,482,0,0,0,0,0,0,0,0,0,0,0,0,0,0,0,0,0,0,0,0,0,0,0,0
"""Train/pos/crop001124.png""",2,305,221,428,252,0,0,0,0,0,0,0,0,0,0,0,0,223,186,366,554,373,221,474,550,0,0,0,0,0,0,0,0,0,0,0,0,0,0,0,0,0,0,0,0,0,0,0,0
"""Train/pos/crop001125.png""",2,190,279,303,254,0,0,0,0,0,0,0,0,0,0,0,0,129,243,219,550,248,216,353,550,0,0,0,0,0,0,0,0,0,0,0,0,0,0,0,0,0,0,0,0,0,0,0,0
"""Train/pos/crop001126.png""",6,247,210,345,231,406,238,460,237,508,227,587,239,0,0,0,0,201,181,308,457,311,217,376,449,364,211,439,439,428,210,491,442,478,207,549,437,553,213,633,437,0,0,0,0,0,0,0,0
"""Train/pos/crop001127.png""",3,420,199,318,212,233,189,0,0,0,0,0,0,0,0,0,0,366,175,459,423,283,186,350,374,192,152,275,468,0,0,0,0,0,0,0,0,0,0,0,0,0,0,0,0,0,0,0,0
"""Train/pos/crop001128.png""",1,282,270,0,0,0,0,0,0,0,0,0,0,0,0,0,0,164,212,451,780,0,0,0,0,0,0,0,0,0,0,0,0,0,0,0,0,0,0,0,0,0,0,0,0,0,0,0,0
"""Train/pos/crop001129.png""",1,168,185,0,0,0,0,0,0,0,0,0,0,0,0,0,0,90,146,246,551,0,0,0,0,0,0,0,0,0,0,0,0,0,0,0,0,0,0,0,0,0,0,0,0,0,0,0,0
"""Train/pos/crop001130.png""",1,277,254,0,0,0,0,0,0,0,0,0,0,0,0,0,0,190,200,407,883,0,0,0,0,0,0,0,0,0,0,0,0,0,0,0,0,0,0,0,0,0,0,0,0,0,0,0,0
"""Train/pos/crop001131.png""",1,288,283,0,0,0,0,0,0,0,0,0,0,0,0,0,0,188,244,427,801,0,0,0,0,0,0,0,0,0,0,0,0,0,0,0,0,0,0,0,0,0,0,0,0,0,0,0,0
"""Train/pos/crop001132.png""",1,312,292,0,0,0,0,0,0,0,0,0,0,0,0,0,0,200,230,457,933,0,0,0,0,0,0,0,0,0,0,0,0,0,0,0,0,0,0,0,0,0,0,0,0,0,0,0,0
"""Train/pos/crop001133.png""",1,263,213,0,0,0,0,0,0,0,0,0,0,0,0,0,0,221,184,294,402,0,0,0,0,0,0,0,0,0,0,0,0,0,0,0,0,0,0,0,0,0,0,0,0,0,0,0,0
"""Train/pos/crop001134.png""",1,223,204,0,0,0,0,0,0,0,0,0,0,0,0,0,0,180,174,292,473,0,0,0,0,0,0,0,0,0,0,0,0,0,0,0,0,0,0,0,0,0,0,0,0,0,0,0,0
"""Train/pos/crop001135.png""",1,176,163,0,0,0,0,0,0,0,0,0,0,0,0,0,0,148,138,215,331,0,0,0,0,0,0,0,0,0,0,0,0,0,0,0,0,0,0,0,0,0,0,0,0,0,0,0,0
"""Train/pos/crop001136.png""",4,230,170,256,184,306,183,323,185,0,0,0,0,0,0,0,0,211,158,245,270,240,163,275,273,290,166,313,269,312,168,337,270,0,0,0,0,0,0,0,0,0,0,0,0,0,0,0,0
"""Train/pos/crop001137.png""",1,258,242,0,0,0,0,0,0,0,0,0,0,0,0,0,0,225,204,328,606,0,0,0,0,0,0,0,0,0,0,0,0,0,0,0,0,0,0,0,0,0,0,0,0,0,0,0,0
"""Train/pos/crop001138.png""",2,308,276,398,274,0,0,0,0,0,0,0,0,0,0,0,0,230,235,364,660,315,237,470,692,0,0,0,0,0,0,0,0,0,0,0,0,0,0,0,0,0,0,0,0,0,0,0,0
"""Train/pos/crop001140.png""",1,249,253,0,0,0,0,0,0,0,0,0,0,0,0,0,0,175,222,292,619,0,0,0,0,0,0,0,0,0,0,0,0,0,0,0,0,0,0,0,0,0,0,0,0,0,0,0,0
"""Train/pos/crop001141.png""",4,478,258,288,265,161,259,671,238,0,0,0,0,0,0,0,0,421,210,544,748,189,223,349,738,129,240,184,415,591,195,712,577,0,0,0,0,0,0,0,0,0,0,0,0,0,0,0,0
"""Train/pos/crop001142.png""",1,258,222,0,0,0,0,0,0,0,0,0,0,0,0,0,0,208,183,285,480,0,0,0,0,0,0,0,0,0,0,0,0,0,0,0,0,0,0,0,0,0,0,0,0,0,0,0,0
"""Train/pos/crop001143.png""",5,255,154,181,139,115,103,368,200,458,187,0,0,0,0,0,0,204,120,282,473,131,109,219,413,67,80,146,320,301,163,397,518,425,154,509,477,0,0,0,0,0,0,0,0,0,0,0,0
"""Train/pos/crop001144.png""",5,380,181,450,176,348,167,295,174,194,177,0,0,0,0,0,0,346,167,416,374,411,159,487,361,316,141,371,363,258,154,324,350,163,152,214,350,0,0,0,0,0,0,0,0,0,0,0,0
"""Train/pos/crop001145.png""",2,298,204,105,115,0,0,0,0,0,0,0,0,0,0,0,0,256,174,325,420,60,95,147,306,0,0,0,0,0,0,0,0,0,0,0,0,0,0,0,0,0,0,0,0,0,0,0,0
"""Train/pos/crop001146.png""",1,320,256,0,0,0,0,0,0,0,0,0,0,0,0,0,0,257,218,411,718,0,0,0,0,0,0,0,0,0,0,0,0,0,0,0,0,0,0,0,0,0,0,0,0,0,0,0,0
"""Train/pos/crop001147.png""",1,214,166,0,0,0,0,0,0,0,0,0,0,0,0,0,0,154,135,303,460,0,0,0,0,0,0,0,0,0,0,0,0,0,0,0,0,0,0,0,0,0,0,0,0,0,0,0,0
"""Train/pos/crop001148.png""",1,195,93,0,0,0,0,0,0,0,0,0,0,0,0,0,0,162,75,217,200,0,0,0,0,0,0,0,0,0,0,0,0,0,0,0,0,0,0,0,0,0,0,0,0,0,0,0,0
"""Train/pos/crop001149.png""",2,290,231,163,207,0,0,0,0,0,0,0,0,0,0,0,0,234,189,354,582,122,173,224,553,0,0,0,0,0,0,0,0,0,0,0,0,0,0,0,0,0,0,0,0,0,0,0,0
"""Train/pos/crop001150.png""",1,184,130,0,0,0,0,0,0,0,0,0,0,0,0,0,0,168,112,204,239,0,0,0,0,0,0,0,0,0,0,0,0,0,0,0,0,0,0,0,0,0,0,0,0,0,0,0,0
"""Train/pos/crop001151.png""",1,411,315,0,0,0,0,0,0,0,0,0,0,0,0,0,0,283,241,477,807,0,0,0,0,0,0,0,0,0,0,0,0,0,0,0,0,0,0,0,0,0,0,0,0,0,0,0,0
"""Train/pos/crop001152.png""",1,393,279,0,0,0,0,0,0,0,0,0,0,0,0,0,0,265,187,529,947,0,0,0,0,0,0,0,0,0,0,0,0,0,0,0,0,0,0,0,0,0,0,0,0,0,0,0,0
"""Train/pos/crop001153.png""",1,292,273,0,0,0,0,0,0,0,0,0,0,0,0,0,0,272,254,320,406,0,0,0,0,0,0,0,0,0,0,0,0,0,0,0,0,0,0,0,0,0,0,0,0,0,0,0,0
"""Train/pos/crop001154.png""",1,438,248,0,0,0,0,0,0,0,0,0,0,0,0,0,0,281,161,619,967,0,0,0,0,0,0,0,0,0,0,0,0,0,0,0,0,0,0,0,0,0,0,0,0,0,0,0,0
"""Train/pos/crop001155.png""",1,365,239,0,0,0,0,0,0,0,0,0,0,0,0,0,0,247,169,418,947,0,0,0,0,0,0,0,0,0,0,0,0,0,0,0,0,0,0,0,0,0,0,0,0,0,0,0,0
"""Train/pos/crop001156.png""",1,277,256,0,0,0,0,0,0,0,0,0,0,0,0,0,0,186,203,358,785,0,0,0,0,0,0,0,0,0,0,0,0,0,0,0,0,0,0,0,0,0,0,0,0,0,0,0,0
"""Train/pos/crop001158.png""",2,96,115,174,103,0,0,0,0,0,0,0,0,0,0,0,0,68,90,127,336,143,84,205,225,0,0,0,0,0,0,0,0,0,0,0,0,0,0,0,0,0,0,0,0,0,0,0,0
"""Train/pos/crop001160.png""",1,125,84,0,0,0,0,0,0,0,0,0,0,0,0,0,0,96,70,159,174,0,0,0,0,0,0,0,0,0,0,0,0,0,0,0,0,0,0,0,0,0,0,0,0,0,0,0,0
"""Train/pos/crop001162.png""",3,154,117,228,120,291,134,0,0,0,0,0,0,0,0,0,0,116,90,191,340,192,97,264,346,259,108,315,286,0,0,0,0,0,0,0,0,0,0,0,0,0,0,0,0,0,0,0,0
"""Train/pos/crop001163.png""",1,68,124,0,0,0,0,0,0,0,0,0,0,0,0,0,0,12,94,113,371,0,0,0,0,0,0,0,0,0,0,0,0,0,0,0,0,0,0,0,0,0,0,0,0,0,0,0,0
"""Train/pos/crop001164.png""",8,211,246,362,272,267,269,485,282,692,258,857,235,554,270,134,269,166,217,242,483,325,249,391,463,240,248,288,408,387,246,540,652,642,222,776,605,785,205,925,594,523,247,599,454,109,253,147,355
"""Train/pos/crop001200.png""",1,363,256,0,0,0,0,0,0,0,0,0,0,0,0,0,0,245,191,435,813,0,0,0,0,0,0,0,0,0,0,0,0,0,0,0,0,0,0,0,0,0,0,0,0,0,0,0,0
"""Train/pos/crop001201.png""",1,304,314,0,0,0,0,0,0,0,0,0,0,0,0,0,0,236,279,349,673,0,0,0,0,0,0,0,0,0,0,0,0,0,0,0,0,0,0,0,0,0,0,0,0,0,0,0,0
"""Train/pos/crop001202.png""",1,324,261,0,0,0,0,0,0,0,0,0,0,0,0,0,0,180,214,401,818,0,0,0,0,0,0,0,0,0,0,0,0,0,0,0,0,0,0,0,0,0,0,0,0,0,0,0,0
"""Train/pos/crop001205.png""",2,285,182,396,195,0,0,0,0,0,0,0,0,0,0,0,0,242,160,342,416,316,181,445,391,0,0,0,0,0,0,0,0,0,0,0,0,0,0,0,0,0,0,0,0,0,0,0,0
"""Train/pos/crop001206.png""",1,224,194,0,0,0,0,0,0,0,0,0,0,0,0,0,0,168,154,276,550,0,0,0,0,0,0,0,0,0,0,0,0,0,0,0,0,0,0,0,0,0,0,0,0,0,0,0,0
"""Train/pos/crop001207.png""",1,211,131,0,0,0,0,0,0,0,0,0,0,0,0,0,0,161,105,241,310,0,0,0,0,0,0,0,0,0,0,0,0,0,0,0,0,0,0,0,0,0,0,0,0,0,0,0,0
"""Train/pos/crop001208.png""",3,208,170,462,200,319,145,0,0,0,0,0,0,0,0,0,0,175,145,263,406,358,168,517,618,288,126,356,255,0,0,0,0,0,0,0,0,0,0,0,0,0,0,0,0,0,0,0,0
"""Train/pos/crop001210.png""",1,224,187,0,0,0,0,0,0,0,0,0,0,0,0,0,0,154,148,300,542,0,0,0,0,0,0,0,0,0,0,0,0,0,0,0,0,0,0,0,0,0,0,0,0,0,0,0,0
"""Train/pos/crop001211.png""",1,387,272,0,0,0,0,0,0,0,0,0,0,0,0,0,0,225,215,475,810,0,0,0,0,0,0,0,0,0,0,0,0,0,0,0,0,0,0,0,0,0,0,0,0,0,0,0,0
"""Train/pos/crop001212.png""",1,284,264,0,0,0,0,0,0,0,0,0,0,0,0,0,0,177,208,391,653,0,0,0,0,0,0,0,0,0,0,0,0,0,0,0,0,0,0,0,0,0,0,0,0,0,0,0,0
"""Train/pos/crop001213.png""",1,307,298,0,0,0,0,0,0,0,0,0,0,0,0,0,0,155,237,433,838,0,0,0,0,0,0,0,0,0,0,0,0,0,0,0,0,0,0,0,0,0,0,0,0,0,0,0,0
"""Train/pos/crop001214.png""",1,272,242,0,0,0,0,0,0,0,0,0,0,0,0,0,0,223,211,317,479,0,0,0,0,0,0,0,0,0,0,0,0,0,0,0,0,0,0,0,0,0,0,0,0,0,0,0,0
"""Train/pos/crop001216.png""",1,271,148,0,0,0,0,0,0,0,0,0,0,0,0,0,0,185,104,346,568,0,0,0,0,0,0,0,0,0,0,0,0,0,0,0,0,0,0,0,0,0,0,0,0,0,0,0,0
"""Train/pos/crop001217.png""",3,251,192,148,146,91,142,0,0,0,0,0,0,0,0,0,0,147,153,315,557,114,127,161,270,52,124,107,254,0,0,0,0,0,0,0,0,0,0,0,0,0,0,0,0,0,0,0,0
"""Train/pos/crop001218.png""",1,175,266,0,0,0,0,0,0,0,0,0,0,0,0,0,0,104,240,223,585,0,0,0,0,0,0,0,0,0,0,0,0,0,0,0,0,0,0,0,0,0,0,0,0,0,0,0,0
"""Train/pos/crop001219.png""",1,225,175,0,0,0,0,0,0,0,0,0,0,0,0,0,0,166,145,256,454,0,0,0,0,0,0,0,0,0,0,0,0,0,0,0,0,0,0,0,0,0,0,0,0,0,0,0,0
"""Train/pos/crop001220.png""",1,301,227,0,0,0,0,0,0,0,0,0,0,0,0,0,0,241,193,339,530,0,0,0,0,0,0,0,0,0,0,0,0,0,0,0,0,0,0,0,0,0,0,0,0,0,0,0,0
"""Train/pos/crop001222.png""",2,313,215,184,153,0,0,0,0,0,0,0,0,0,0,0,0,257,174,395,729,148,130,244,325,0,0,0,0,0,0,0,0,0,0,0,0,0,0,0,0,0,0,0,0,0,0,0,0
"""Train/pos/crop001230.png""",1,322,230,0,0,0,0,0,0,0,0,0,0,0,0,0,0,210,191,362,630,0,0,0,0,0,0,0,0,0,0,0,0,0,0,0,0,0,0,0,0,0,0,0,0,0,0,0,0
"""Train/pos/crop001231.png""",1,301,217,0,0,0,0,0,0,0,0,0,0,0,0,0,0,196,168,342,477,0,0,0,0,0,0,0,0,0,0,0,0,0,0,0,0,0,0,0,0,0,0,0,0,0,0,0,0
"""Train/pos/crop001232.png""",1,350,229,0,0,0,0,0,0,0,0,0,0,0,0,0,0,204,182,507,849,0,0,0,0,0,0,0,0,0,0,0,0,0,0,0,0,0,0,0,0,0,0,0,0,0,0,0,0
"""Train/pos/crop001234.png""",1,234,210,0,0,0,0,0,0,0,0,0,0,0,0,0,0,187,173,320,528,0,0,0,0,0,0,0,0,0,0,0,0,0,0,0,0,0,0,0,0,0,0,0,0,0,0,0,0
"""Train/pos/crop001235.png""",1,345,242,0,0,0,0,0,0,0,0,0,0,0,0,0,0,171,187,462,722,0,0,0,0,0,0,0,0,0,0,0,0,0,0,0,0,0,0,0,0,0,0,0,0,0,0,0,0
"""Train/pos/crop001236.png""",3,193,192,420,193,529,200,0,0,0,0,0,0,0,0,0,0,136,164,237,466,328,162,474,541,470,167,601,474,0,0,0,0,0,0,0,0,0,0,0,0,0,0,0,0,0,0,0,0
"""Train/pos/crop001237.png""",1,254,172,0,0,0,0,0,0,0,0,0,0,0,0,0,0,189,143,298,448,0,0,0,0,0,0,0,0,0,0,0,0,0,0,0,0,0,0,0,0,0,0,0,0,0,0,0,0
"""Train/pos/crop001238.png""",1,218,171,0,0,0,0,0,0,0,0,0,0,0,0,0,0,169,139,262,476,0,0,0,0,0,0,0,0,0,0,0,0,0,0,0,0,0,0,0,0,0,0,0,0,0,0,0,0
"""Train/pos/crop001241.png""",1,281,185,0,0,0,0,0,0,0,0,0,0,0,0,0,0,216,157,343,479,0,0,0,0,0,0,0,0,0,0,0,0,0,0,0,0,0,0,0,0,0,0,0,0,0,0,0,0
"""Train/pos/crop001242.png""",1,289,228,0,0,0,0,0,0,0,0,0,0,0,0,0,0,219,176,408,791,0,0,0,0,0,0,0,0,0,0,0,0,0,0,0,0,0,0,0,0,0,0,0,0,0,0,0,0
"""Train/pos/crop001246.png""",1,184,207,0,0,0,0,0,0,0,0,0,0,0,0,0,0,138,176,281,532,0,0,0,0,0,0,0,0,0,0,0,0,0,0,0,0,0,0,0,0,0,0,0,0,0,0,0,0
"""Train/pos/crop001247.png""",1,304,202,0,0,0,0,0,0,0,0,0,0,0,0,0,0,193,155,390,696,0,0,0,0,0,0,0,0,0,0,0,0,0,0,0,0,0,0,0,0,0,0,0,0,0,0,0,0
"""Train/pos/crop001248.png""",1,408,237,0,0,0,0,0,0,0,0,0,0,0,0,0,0,198,194,462,729,0,0,0,0,0,0,0,0,0,0,0,0,0,0,0,0,0,0,0,0,0,0,0,0,0,0,0,0
"""Train/pos/crop001250.png""",1,410,168,0,0,0,0,0,0,0,0,0,0,0,0,0,0,286,116,545,803,0,0,0,0,0,0,0,0,0,0,0,0,0,0,0,0,0,0,0,0,0,0,0,0,0,0,0,0
"""Train/pos/crop001251.png""",1,328,128,0,0,0,0,0,0,0,0,0,0,0,0,0,0,220,73,492,845,0,0,0,0,0,0,0,0,0,0,0,0,0,0,0,0,0,0,0,0,0,0,0,0,0,0,0,0
"""Train/pos/crop001252.png""",1,270,169,0,0,0,0,0,0,0,0,0,0,0,0,0,0,154,134,310,488,0,0,0,0,0,0,0,0,0,0,0,0,0,0,0,0,0,0,0,0,0,0,0,0,0,0,0,0
"""Train/pos/crop001253.png""",1,335,228,0,0,0,0,0,0,0,0,0,0,0,0,0,0,206,167,388,852,0,0,0,0,0,0,0,0,0,0,0,0,0,0,0,0,0,0,0,0,0,0,0,0,0,0,0,0
"""Train/pos/crop001254.png""",1,132,198,0,0,0,0,0,0,0,0,0,0,0,0,0,0,42,142,195,763,0,0,0,0,0,0,0,0,0,0,0,0,0,0,0,0,0,0,0,0,0,0,0,0,0,0,0,0
"""Train/pos/crop001255.png""",1,275,209,0,0,0,0,0,0,0,0,0,0,0,0,0,0,216,168,348,546,0,0,0,0,0,0,0,0,0,0,0,0,0,0,0,0,0,0,0,0,0,0,0,0,0,0,0,0
"""Train/pos/crop001256.png""",1,240,180,0,0,0,0,0,0,0,0,0,0,0,0,0,0,207,149,333,477,0,0,0,0,0,0,0,0,0,0,0,0,0,0,0,0,0,0,0,0,0,0,0,0,0,0,0,0
"""Train/pos/crop001257.png""",1,238,172,0,0,0,0,0,0,0,0,0,0,0,0,0,0,186,141,306,453,0,0,0,0,0,0,0,0,0,0,0,0,0,0,0,0,0,0,0,0,0,0,0,0,0,0,0,0
"""Train/pos/crop001258.png""",1,289,171,0,0,0,0,0,0,0,0,0,0,0,0,0,0,234,141,339,506,0,0,0,0,0,0,0,0,0,0,0,0,0,0,0,0,0,0,0,0,0,0,0,0,0,0,0,0
"""Train/pos/crop001259.png""",1,199,180,0,0,0,0,0,0,0,0,0,0,0,0,0,0,157,138,370,631,0,0,0,0,0,0,0,0,0,0,0,0,0,0,0,0,0,0,0,0,0,0,0,0,0,0,0,0
"""Train/pos/crop001260.png""",2,269,242,307,242,0,0,0,0,0,0,0,0,0,0,0,0,195,184,357,622,256,189,406,605,0,0,0,0,0,0,0,0,0,0,0,0,0,0,0,0,0,0,0,0,0,0,0,0
"""Train/pos/crop001263.png""",2,277,193,147,137,0,0,0,0,0,0,0,0,0,0,0,0,128,152,303,642,115,118,178,269,0,0,0,0,0,0,0,0,0,0,0,0,0,0,0,0,0,0,0,0,0,0,0,0
"""Train/pos/crop001264.png""",2,404,194,178,228,0,0,0,0,0,0,0,0,0,0,0,0,307,122,477,787,122,156,322,685,0,0,0,0,0,0,0,0,0,0,0,0,0,0,0,0,0,0,0,0,0,0,0,0
"""Train/pos/crop001265.png""",4,293,140,415,133,193,136,251,121,0,0,0,0,0,0,0,0,258,115,327,349,389,115,435,292,170,117,223,261,224,99,274,282,0,0,0,0,0,0,0,0,0,0,0,0,0,0,0,0
"""Train/pos/crop001267.png""",5,208,158,373,168,534,188,136,181,252,173,0,0,0,0,0,0,179,140,230,340,350,150,406,342,511,169,569,341,111,167,158,322,227,156,275,293,0,0,0,0,0,0,0,0,0,0,0,0
"""Train/pos/crop001268.png""",5,242,140,148,139,356,141,435,145,507,157,0,0,0,0,0,0,206,122,288,318,125,122,182,267,328,127,389,271,392,126,469,305,491,141,528,293,0,0,0,0,0,0,0,0,0,0,0,0
"""Train/pos/crop001270.png""",2,242,189,393,237,0,0,0,0,0,0,0,0,0,0,0,0,199,158,326,399,310,214,458,519,0,0,0,0,0,0,0,0,0,0,0,0,0,0,0,0,0,0,0,0,0,0,0,0
"""Train/pos/crop001271.png""",2,215,100,164,124,0,0,0,0,0,0,0,0,0,0,0,0,182,87,251,288,144,104,182,259,0,0,0,0,0,0,0,0,0,0,0,0,0,0,0,0,0,0,0,0,0,0,0,0
"""Train/pos/crop001272.png""",1,206,122,0,0,0,0,0,0,0,0,0,0,0,0,0,0,149,101,258,346,0,0,0,0,0,0,0,0,0,0,0,0,0,0,0,0,0,0,0,0,0,0,0,0,0,0,0,0
"""Train/pos/crop001273.png""",2,648,163,295,151,0,0,0,0,0,0,0,0,0,0,0,0,587,131,700,475,228,109,354,421,0,0,0,0,0,0,0,0,0,0,0,0,0,0,0,0,0,0,0,0,0,0,0,0
"""Train/pos/crop001274.png""",1,234,241,0,0,0,0,0,0,0,0,0,0,0,0,0,0,179,212,282,612,0,0,0,0,0,0,0,0,0,0,0,0,0,0,0,0,0,0,0,0,0,0,0,0,0,0,0,0
"""Train/pos/crop001275.png""",1,239,214,0,0,0,0,0,0,0,0,0,0,0,0,0,0,172,178,324,531,0,0,0,0,0,0,0,0,0,0,0,0,0,0,0,0,0,0,0,0,0,0,0,0,0,0,0,0
"""Train/pos/crop001276.png""",1,345,225,0,0,0,0,0,0,0,0,0,0,0,0,0,0,209,171,430,858,0,0,0,0,0,0,0,0,0,0,0,0,0,0,0,0,0,0,0,0,0,0,0,0,0,0,0,0
"""Train/pos/crop001278.png""",1,65,136,0,0,0,0,0,0,0,0,0,0,0,0,0,0,44,121,104,254,0,0,0,0,0,0,0,0,0,0,0,0,0,0,0,0,0,0,0,0,0,0,0,0,0,0,0,0
"""Train/pos/crop001500.png""",1,130,125,0,0,0,0,0,0,0,0,0,0,0,0,0,0,104,108,151,232,0,0,0,0,0,0,0,0,0,0,0,0,0,0,0,0,0,0,0,0,0,0,0,0,0,0,0,0
"""Train/pos/crop001503.png""",1,231,161,0,0,0,0,0,0,0,0,0,0,0,0,0,0,201,141,256,264,0,0,0,0,0,0,0,0,0,0,0,0,0,0,0,0,0,0,0,0,0,0,0,0,0,0,0,0
"""Train/pos/crop001505.png""",5,796,353,596,314,549,373,366,384,205,364,0,0,0,0,0,0,769,326,845,605,564,261,681,807,498,338,594,799,338,350,425,741,152,327,226,628,0,0,0,0,0,0,0,0,0,0,0,0
"""Train/pos/crop001506.png""",1,279,229,0,0,0,0,0,0,0,0,0,0,0,0,0,0,218,183,355,642,0,0,0,0,0,0,0,0,0,0,0,0,0,0,0,0,0,0,0,0,0,0,0,0,0,0,0,0
"""Train/pos/crop001507.png""",3,530,348,375,340,451,283,0,0,0,0,0,0,0,0,0,0,437,303,556,778,234,298,360,752,363,235,486,699,0,0,0,0,0,0,0,0,0,0,0,0,0,0,0,0,0,0,0,0
"""Train/pos/crop001508.png""",2,456,303,379,322,0,0,0,0,0,0,0,0,0,0,0,0,425,260,550,722,316,283,426,681,0,0,0,0,0,0,0,0,0,0,0,0,0,0,0,0,0,0,0,0,0,0,0,0
"""Train/pos/crop001509.png""",1,468,322,0,0,0,0,0,0,0,0,0,0,0,0,0,0,390,278,535,753,0,0,0,0,0,0,0,0,0,0,0,0,0,0,0,0,0,0,0,0,0,0,0,0,0,0,0,0
"""Train/pos/crop001510.png""",1,299,257,0,0,0,0,0,0,0,0,0,0,0,0,0,0,215,220,390,776,0,0,0,0,0,0,0,0,0,0,0,0,0,0,0,0,0,0,0,0,0,0,0,0,0,0,0,0
"""Train/pos/crop001513.png""",2,330,267,704,240,0,0,0,0,0,0,0,0,0,0,0,0,258,212,390,563,645,210,771,528,0,0,0,0,0,0,0,0,0,0,0,0,0,0,0,0,0,0,0,0,0,0,0,0
"""Train/pos/crop001515.png""",2,232,229,329,251,0,0,0,0,0,0,0,0,0,0,0,0,196,206,263,406,301,229,383,503,0,0,0,0,0,0,0,0,0,0,0,0,0,0,0,0,0,0,0,0,0,0,0,0
"""Train/pos/crop001516.png""",1,421,257,0,0,0,0,0,0,0,0,0,0,0,0,0,0,348,208,497,806,0,0,0,0,0,0,0,0,0,0,0,0,0,0,0,0,0,0,0,0,0,0,0,0,0,0,0,0
"""Train/pos/crop001517.png""",2,332,217,114,257,0,0,0,0,0,0,0,0,0,0,0,0,222,154,417,814,71,223,158,471,0,0,0,0,0,0,0,0,0,0,0,0,0,0,0,0,0,0,0,0,0,0,0,0
"""Train/pos/crop001518.png""",1,222,274,0,0,0,0,0,0,0,0,0,0,0,0,0,0,183,231,270,542,0,0,0,0,0,0,0,0,0,0,0,0,0,0,0,0,0,0,0,0,0,0,0,0,0,0,0,0
"""Train/pos/crop001519.png""",1,346,285,0,0,0,0,0,0,0,0,0,0,0,0,0,0,227,224,414,765,0,0,0,0,0,0,0,0,0,0,0,0,0,0,0,0,0,0,0,0,0,0,0,0,0,0,0,0
"""Train/pos/crop001523.png""",1,137,158,0,0,0,0,0,0,0,0,0,0,0,0,0,0,109,136,152,292,0,0,0,0,0,0,0,0,0,0,0,0,0,0,0,0,0,0,0,0,0,0,0,0,0,0,0,0
"""Train/pos/crop001524.png""",1,664,248,0,0,0,0,0,0,0,0,0,0,0,0,0,0,579,205,744,760,0,0,0,0,0,0,0,0,0,0,0,0,0,0,0,0,0,0,0,0,0,0,0,0,0,0,0,0
"""Train/pos/crop001525.png""",3,488,242,342,240,258,246,0,0,0,0,0,0,0,0,0,0,456,223,514,403,298,216,396,570,226,223,293,486,0,0,0,0,0,0,0,0,0,0,0,0,0,0,0,0,0,0,0,0
"""Train/pos/crop001526.png""",3,567,309,400,289,135,225,0,0,0,0,0,0,0,0,0,0,499,260,642,768,311,226,467,767,101,209,161,384,0,0,0,0,0,0,0,0,0,0,0,0,0,0,0,0,0,0,0,0
"""Train/pos/crop001527.png""",4,286,307,782,320,518,344,386,312,0,0,0,0,0,0,0,0,239,280,334,611,736,294,816,545,477,315,573,613,352,284,418,482,0,0,0,0,0,0,0,0,0,0,0,0,0,0,0,0
"""Train/pos/crop001528.png""",1,348,293,0,0,0,0,0,0,0,0,0,0,0,0,0,0,265,249,403,762,0,0,0,0,0,0,0,0,0,0,0,0,0,0,0,0,0,0,0,0,0,0,0,0,0,0,0,0
"""Train/pos/crop001529.png""",3,444,233,529,207,611,198,0,0,0,0,0,0,0,0,0,0,371,184,509,639,504,185,562,445,584,176,624,371,0,0,0,0,0,0,0,0,0,0,0,0,0,0,0,0,0,0,0,0
"""Train/pos/crop001530.png""",1,379,192,0,0,0,0,0,0,0,0,0,0,0,0,0,0,377,180,447,359,0,0,0,0,0,0,0,0,0,0,0,0,0,0,0,0,0,0,0,0,0,0,0,0,0,0,0,0
"""Train/pos/crop001532.png""",2,624,328,389,337,0,0,0,0,0,0,0,0,0,0,0,0,517,284,660,794,307,304,449,734,0,0,0,0,0,0,0,0,0,0,0,0,0,0,0,0,0,0,0,0,0,0,0,0
"""Train/pos/crop001534.png""",3,673,278,387,319,596,301,0,0,0,0,0,0,0,0,0,0,643,259,705,472,295,278,487,756,575,282,616,412,0,0,0,0,0,0,0,0,0,0,0,0,0,0,0,0,0,0,0,0
"""Train/pos/crop001536.png""",4,285,337,402,334,613,340,176,341,0,0,0,0,0,0,0,0,248,317,319,517,385,320,438,462,595,322,636,459,138,315,223,567,0,0,0,0,0,0,0,0,0,0,0,0,0,0,0,0
"""Train/pos/crop001537.png""",1,448,239,0,0,0,0,0,0,0,0,0,0,0,0,0,0,433,226,470,355,0,0,0,0,0,0,0,0,0,0,0,0,0,0,0,0,0,0,0,0,0,0,0,0,0,0,0,0
"""Train/pos/crop001538.png""",2,515,199,204,253,0,0,0,0,0,0,0,0,0,0,0,0,485,176,561,407,180,214,338,622,0,0,0,0,0,0,0,0,0,0,0,0,0,0,0,0,0,0,0,0,0,0,0,0
"""Train/pos/crop001539.png""",1,295,177,0,0,0,0,0,0,0,0,0,0,0,0,0,0,255,156,313,345,0,0,0,0,0,0,0,0,0,0,0,0,0,0,0,0,0,0,0,0,0,0,0,0,0,0,0,0
"""Train/pos/crop001540.png""",2,489,281,265,270,0,0,0,0,0,0,0,0,0,0,0,0,441,258,530,543,228,245,302,471,0,0,0,0,0,0,0,0,0,0,0,0,0,0,0,0,0,0,0,0,0,0,0,0
"""Train/pos/crop001541.png""",2,389,337,490,345,0,0,0,0,0,0,0,0,0,0,0,0,308,298,448,775,450,316,519,570,0,0,0,0,0,0,0,0,0,0,0,0,0,0,0,0,0,0,0,0,0,0,0,0
"""Train/pos/crop001542.png""",1,284,220,0,0,0,0,0,0,0,0,0,0,0,0,0,0,244,193,325,469,0,0,0,0,0,0,0,0,0,0,0,0,0,0,0,0,0,0,0,0,0,0,0,0,0,0,0,0
"""Train/pos/crop001543.png""",2,164,150,306,139,0,0,0,0,0,0,0,0,0,0,0,0,150,137,182,224,289,127,319,188,0,0,0,0,0,0,0,0,0,0,0,0,0,0,0,0,0,0,0,0,0,0,0,0
"""Train/pos/crop001547.png""",1,108,112,0,0,0,0,0,0,0,0,0,0,0,0,0,0,97,100,120,147,0,0,0,0,0,0,0,0,0,0,0,0,0,0,0,0,0,0,0,0,0,0,0,0,0,0,0,0
"""Train/pos/crop001548.png""",1,127,116,0,0,0,0,0,0,0,0,0,0,0,0,0,0,112,104,139,176,0,0,0,0,0,0,0,0,0,0,0,0,0,0,0,0,0,0,0,0,0,0,0,0,0,0,0,0
"""Train/pos/crop001550.png""",2,458,301,678,233,0,0,0,0,0,0,0,0,0,0,0,0,414,254,507,685,528,177,728,597,0,0,0,0,0,0,0,0,0,0,0,0,0,0,0,0,0,0,0,0,0,0,0,0
"""Train/pos/crop001551.png""",2,260,285,525,257,0,0,0,0,0,0,0,0,0,0,0,0,177,208,313,661,453,198,615,637,0,0,0,0,0,0,0,0,0,0,0,0,0,0,0,0,0,0,0,0,0,0,0,0
"""Train/pos/crop001552.png""",4,245,321,451,289,587,309,713,260,0,0,0,0,0,0,0,0,197,266,313,646,387,248,522,647,510,262,630,646,649,223,774,648,0,0,0,0,0,0,0,0,0,0,0,0,0,0,0,0
"""Train/pos/crop001553.png""",1,326,230,0,0,0,0,0,0,0,0,0,0,0,0,0,0,224,180,370,573,0,0,0,0,0,0,0,0,0,0,0,0,0,0,0,0,0,0,0,0,0,0,0,0,0,0,0,0
"""Train/pos/crop001554.png""",1,246,223,0,0,0,0,0,0,0,0,0,0,0,0,0,0,207,184,291,497,0,0,0,0,0,0,0,0,0,0,0,0,0,0,0,0,0,0,0,0,0,0,0,0,0,0,0,0
"""Train/pos/crop001556.png""",1,225,156,0,0,0,0,0,0,0,0,0,0,0,0,0,0,190,130,252,326,0,0,0,0,0,0,0,0,0,0,0,0,0,0,0,0,0,0,0,0,0,0,0,0,0,0,0,0
"""Train/pos/crop001557.png""",1,171,275,0,0,0,0,0,0,0,0,0,0,0,0,0,0,148,257,197,407,0,0,0,0,0,0,0,0,0,0,0,0,0,0,0,0,0,0,0,0,0,0,0,0,0,0,0,0
"""Train/pos/crop001558.png""",2,336,294,393,312,0,0,0,0,0,0,0,0,0,0,0,0,308,273,354,408,373,295,422,431,0,0,0,0,0,0,0,0,0,0,0,0,0,0,0,0,0,0,0,0,0,0,0,0
"""Train/pos/crop001559.png""",6,699,202,549,232,461,236,358,225,234,200,139,178,0,0,0,0,635,150,773,544,516,180,614,544,395,199,525,559,306,184,419,534,177,166,303,476,120,148,186,379,0,0,0,0,0,0,0,0
"""Train/pos/crop001560.png""",5,550,269,328,329,238,326,332,322,792,364,0,0,0,0,0,0,500,240,621,555,300,306,373,528,198,295,265,530,303,302,373,531,730,339,808,548,0,0,0,0,0,0,0,0,0,0,0,0
"""Train/pos/crop001561.png""",2,537,285,611,381,0,0,0,0,0,0,0,0,0,0,0,0,481,254,595,575,588,353,657,573,0,0,0,0,0,0,0,0,0,0,0,0,0,0,0,0,0,0,0,0,0,0,0,0
"""Train/pos/crop001562.png""",2,91,74,212,95,0,0,0,0,0,0,0,0,0,0,0,0,68,60,103,155,195,82,227,161,0,0,0,0,0,0,0,0,0,0,0,0,0,0,0,0,0,0,0,0,0,0,0,0
"""Train/pos/crop001563.png""",4,219,196,316,194,530,199,638,183,0,0,0,0,0,0,0,0,170,163,260,420,279,157,365,418,458,155,543,428,590,146,670,426,0,0,0,0,0,0,0,0,0,0,0,0,0,0,0,0
"""Train/pos/crop001564.png""",2,230,171,483,235,0,0,0,0,0,0,0,0,0,0,0,0,178,145,264,400,454,202,551,454,0,0,0,0,0,0,0,0,0,0,0,0,0,0,0,0,0,0,0,0,0,0,0,0
"""Train/pos/crop001565.png""",1,260,175,0,0,0,0,0,0,0,0,0,0,0,0,0,0,222,147,304,407,0,0,0,0,0,0,0,0,0,0,0,0,0,0,0,0,0,0,0,0,0,0,0,0,0,0,0,0
"""Train/pos/crop001567.png""",1,124,119,0,0,0,0,0,0,0,0,0,0,0,0,0,0,95,98,161,245,0,0,0,0,0,0,0,0,0,0,0,0,0,0,0,0,0,0,0,0,0,0,0,0,0,0,0,0
"""Train/pos/crop001568.png""",1,208,258,0,0,0,0,0,0,0,0,0,0,0,0,0,0,163,196,325,707,0,0,0,0,0,0,0,0,0,0,0,0,0,0,0,0,0,0,0,0,0,0,0,0,0,0,0,0
"""Train/pos/crop001569.png""",4,346,230,242,196,804,246,1000,284,0,0,0,0,0,0,0,0,242,179,445,622,154,158,320,594,659,159,840,685,849,228,1048,772,0,0,0,0,0,0,0,0,0,0,0,0,0,0,0,0
"""Train/pos/crop001570.png""",2,317,198,153,208,0,0,0,0,0,0,0,0,0,0,0,0,261,172,368,437,125,184,193,352,0,0,0,0,0,0,0,0,0,0,0,0,0,0,0,0,0,0,0,0,0,0,0,0
"""Train/pos/crop001571.png""",6,260,223,68,208,420,224,484,244,367,214,104,205,0,0,0,0,222,199,299,410,44,188,92,318,364,202,456,446,447,203,546,567,339,197,393,372,87,190,118,276,0,0,0,0,0,0,0,0
"""Train/pos/crop001572.png""",1,86,194,0,0,0,0,0,0,0,0,0,0,0,0,0,0,65,179,104,300,0,0,0,0,0,0,0,0,0,0,0,0,0,0,0,0,0,0,0,0,0,0,0,0,0,0,0,0
"""Train/pos/crop001577.png""",1,300,112,0,0,0,0,0,0,0,0,0,0,0,0,0,0,163,32,419,863,0,0,0,0,0,0,0,0,0,0,0,0,0,0,0,0,0,0,0,0,0,0,0,0,0,0,0,0
"""Train/pos/crop001578.png""",1,118,105,0,0,0,0,0,0,0,0,0,0,0,0,0,0,90,90,128,190,0,0,0,0,0,0,0,0,0,0,0,0,0,0,0,0,0,0,0,0,0,0,0,0,0,0,0,0
"""Train/pos/crop001579.png""",1,144,110,0,0,0,0,0,0,0,0,0,0,0,0,0,0,93,84,182,301,0,0,0,0,0,0,0,0,0,0,0,0,0,0,0,0,0,0,0,0,0,0,0,0,0,0,0,0
"""Train/pos/crop001580.png""",1,347,286,0,0,0,0,0,0,0,0,0,0,0,0,0,0,265,241,390,779,0,0,0,0,0,0,0,0,0,0,0,0,0,0,0,0,0,0,0,0,0,0,0,0,0,0,0,0
"""Train/pos/crop001581.png""",1,374,261,0,0,0,0,0,0,0,0,0,0,0,0,0,0,263,184,454,869,0,0,0,0,0,0,0,0,0,0,0,0,0,0,0,0,0,0,0,0,0,0,0,0,0,0,0,0
"""Train/pos/crop001582.png""",1,367,120,0,0,0,0,0,0,0,0,0,0,0,0,0,0,231,49,427,771,0,0,0,0,0,0,0,0,0,0,0,0,0,0,0,0,0,0,0,0,0,0,0,0,0,0,0,0
"""Train/pos/crop001583.png""",2,229,289,331,317,0,0,0,0,0,0,0,0,0,0,0,0,120,216,273,832,253,258,434,808,0,0,0,0,0,0,0,0,0,0,0,0,0,0,0,0,0,0,0,0,0,0,0,0
"""Train/pos/crop001584.png""",2,395,183,159,148,0,0,0,0,0,0,0,0,0,0,0,0,297,121,504,836,58,74,253,827,0,0,0,0,0,0,0,0,0,0,0,0,0,0,0,0,0,0,0,0,0,0,0,0
"""Train/pos/crop001589.png""",1,150,280,0,0,0,0,0,0,0,0,0,0,0,0,0,0,80,222,235,818,0,0,0,0,0,0,0,0,0,0,0,0,0,0,0,0,0,0,0,0,0,0,0,0,0,0,0,0
"""Train/pos/crop001591.png""",2,334,198,91,234,0,0,0,0,0,0,0,0,0,0,0,0,215,122,413,912,28,191,167,573,0,0,0,0,0,0,0,0,0,0,0,0,0,0,0,0,0,0,0,0,0,0,0,0
"""Train/pos/crop001592.png""",3,152,214,451,232,308,220,0,0,0,0,0,0,0,0,0,0,120,192,187,398,421,207,487,398,282,197,350,392,0,0,0,0,0,0,0,0,0,0,0,0,0,0,0,0,0,0,0,0
"""Train/pos/crop001594.png""",5,487,227,345,252,277,244,122,208,49,214,0,0,0,0,0,0,438,186,541,531,315,228,391,504,227,222,311,502,97,182,149,358,16,193,73,348,0,0,0,0,0,0,0,0,0,0,0,0
"""Train/pos/crop001595.png""",1,140,156,0,0,0,0,0,0,0,0,0,0,0,0,0,0,122,145,157,240,0,0,0,0,0,0,0,0,0,0,0,0,0,0,0,0,0,0,0,0,0,0,0,0,0,0,0,0
"""Train/pos/crop001596.png""",3,297,283,396,271,798,277,0,0,0,0,0,0,0,0,0,0,214,237,336,794,313,231,467,800,648,246,843,702,0,0,0,0,0,0,0,0,0,0,0,0,0,0,0,0,0,0,0,0
"""Train/pos/crop001597.png""",1,379,281,0,0,0,0,0,0,0,0,0,0,0,0,0,0,296,230,460,685,0,0,0,0,0,0,0,0,0,0,0,0,0,0,0,0,0,0,0,0,0,0,0,0,0,0,0,0
"""Train/pos/crop001598.png""",1,362,346,0,0,0,0,0,0,0,0,0,0,0,0,0,0,315,298,433,670,0,0,0,0,0,0,0,0,0,0,0,0,0,0,0,0,0,0,0,0,0,0,0,0,0,0,0,0
"""Train/pos/crop001599.png""",2,313,281,450,318,0,0,0,0,0,0,0,0,0,0,0,0,224,229,411,814,431,296,478,456,0,0,0,0,0,0,0,0,0,0,0,0,0,0,0,0,0,0,0,0,0,0,0,0
"""Train/pos/crop001600.png""",1,213,193,0,0,0,0,0,0,0,0,0,0,0,0,0,0,170,167,255,417,0,0,0,0,0,0,0,0,0,0,0,0,0,0,0,0,0,0,0,0,0,0,0,0,0,0,0,0
"""Train/pos/crop001601.png""",1,120,295,0,0,0,0,0,0,0,0,0,0,0,0,0,0,75,239,222,773,0,0,0,0,0,0,0,0,0,0,0,0,0,0,0,0,0,0,0,0,0,0,0,0,0,0,0,0
"""Train/pos/crop001603.png""",1,334,394,0,0,0,0,0,0,0,0,0,0,0,0,0,0,289,356,411,770,0,0,0,0,0,0,0,0,0,0,0,0,0,0,0,0,0,0,0,0,0,0,0,0,0,0,0,0
"""Train/pos/crop001605.png""",1,211,205,0,0,0,0,0,0,0,0,0,0,0,0,0,0,179,178,239,353,0,0,0,0,0,0,0,0,0,0,0,0,0,0,0,0,0,0,0,0,0,0,0,0,0,0,0,0
"""Train/pos/crop001606.png""",1,204,151,0,0,0,0,0,0,0,0,0,0,0,0,0,0,180,130,217,280,0,0,0,0,0,0,0,0,0,0,0,0,0,0,0,0,0,0,0,0,0,0,0,0,0,0,0,0
"""Train/pos/crop001608.png""",1,420,360,0,0,0,0,0,0,0,0,0,0,0,0,0,0,370,320,452,691,0,0,0,0,0,0,0,0,0,0,0,0,0,0,0,0,0,0,0,0,0,0,0,0,0,0,0,0
"""Train/pos/crop001609.png""",4,287,194,329,201,421,122,526,130,0,0,0,0,0,0,0,0,255,174,310,309,309,188,344,310,408,112,434,185,511,118,536,191,0,0,0,0,0,0,0,0,0,0,0,0,0,0,0,0
"""Train/pos/crop001610.png""",1,360,186,0,0,0,0,0,0,0,0,0,0,0,0,0,0,329,163,394,358,0,0,0,0,0,0,0,0,0,0,0,0,0,0,0,0,0,0,0,0,0,0,0,0,0,0,0,0
"""Train/pos/crop001611.png""",2,377,395,288,416,0,0,0,0,0,0,0,0,0,0,0,0,339,362,428,685,254,386,325,663,0,0,0,0,0,0,0,0,0,0,0,0,0,0,0,0,0,0,0,0,0,0,0,0
"""Train/pos/crop001612.png""",4,466,314,369,307,605,314,467,314,0,0,0,0,0,0,0,0,427,284,512,584,299,272,412,580,569,290,651,517,426,288,516,583,0,0,0,0,0,0,0,0,0,0,0,0,0,0,0,0
"""Train/pos/crop001613.png""",1,382,220,0,0,0,0,0,0,0,0,0,0,0,0,0,0,328,190,431,491,0,0,0,0,0,0,0,0,0,0,0,0,0,0,0,0,0,0,0,0,0,0,0,0,0,0,0,0
"""Train/pos/crop001614.png""",8,597,384,730,394,512,382,419,389,375,480,245,361,782,359,831,360,557,353,620,580,673,366,763,639,470,354,533,574,377,365,468,627,348,455,400,634,214,343,275,521,767,349,793,427,820,349,845,428
"""Train/pos/crop001615.png""",1,271,297,0,0,0,0,0,0,0,0,0,0,0,0,0,0,237,270,337,557,0,0,0,0,0,0,0,0,0,0,0,0,0,0,0,0,0,0,0,0,0,0,0,0,0,0,0,0
"""Train/pos/crop001616.png""",1,926,237,0,0,0,0,0,0,0,0,0,0,0,0,0,0,905,218,960,427,0,0,0,0,0,0,0,0,0,0,0,0,0,0,0,0,0,0,0,0,0,0,0,0,0,0,0,0
"""Train/pos/crop001617.png""",1,366,317,0,0,0,0,0,0,0,0,0,0,0,0,0,0,320,286,407,589,0,0,0,0,0,0,0,0,0,0,0,0,0,0,0,0,0,0,0,0,0,0,0,0,0,0,0,0
"""Train/pos/crop001618.png""",1,286,308,0,0,0,0,0,0,0,0,0,0,0,0,0,0,260,261,373,708,0,0,0,0,0,0,0,0,0,0,0,0,0,0,0,0,0,0,0,0,0,0,0,0,0,0,0,0
"""Train/pos/crop001619.png""",4,228,359,416,327,819,347,733,347,0,0,0,0,0,0,0,0,166,321,266,781,359,299,451,562,794,323,856,536,712,316,763,532,0,0,0,0,0,0,0,0,0,0,0,0,0,0,0,0
"""Train/pos/crop001620.png""",8,497,259,189,276,707,256,657,280,471,287,588,277,109,295,51,312,474,234,529,454,160,251,225,470,680,235,730,411,629,255,673,407,452,269,487,399,573,261,606,361,92,279,125,388,31,297,65,394
"""Train/pos/crop001621.png""",2,507,161,244,196,0,0,0,0,0,0,0,0,0,0,0,0,473,134,539,353,211,172,272,402,0,0,0,0,0,0,0,0,0,0,0,0,0,0,0,0,0,0,0,0,0,0,0,0
"""Train/pos/crop001622.png""",2,225,179,258,187,0,0,0,0,0,0,0,0,0,0,0,0,198,159,248,301,237,169,286,306,0,0,0,0,0,0,0,0,0,0,0,0,0,0,0,0,0,0,0,0,0,0,0,0
"""Train/pos/crop001623.png""",3,695,300,554,276,406,324,0,0,0,0,0,0,0,0,0,0,612,236,780,852,499,234,618,688,305,257,497,860,0,0,0,0,0,0,0,0,0,0,0,0,0,0,0,0,0,0,0,0
"""Train/pos/crop001624.png""",2,226,230,281,219,0,0,0,0,0,0,0,0,0,0,0,0,180,200,262,491,255,200,304,382,0,0,0,0,0,0,0,0,0,0,0,0,0,0,0,0,0,0,0,0,0,0,0,0
"""Train/pos/crop001625.png""",1,161,133,0,0,0,0,0,0,0,0,0,0,0,0,0,0,139,120,180,223,0,0,0,0,0,0,0,0,0,0,0,0,0,0,0,0,0,0,0,0,0,0,0,0,0,0,0,0
"""Train/pos/crop001626.png""",2,259,219,190,188,0,0,0,0,0,0,0,0,0,0,0,0,222,191,299,423,163,167,210,289,0,0,0,0,0,0,0,0,0,0,0,0,0,0,0,0,0,0,0,0,0,0,0,0
"""Train/pos/crop001627.png""",1,404,286,0,0,0,0,0,0,0,0,0,0,0,0,0,0,326,225,459,798,0,0,0,0,0,0,0,0,0,0,0,0,0,0,0,0,0,0,0,0,0,0,0,0,0,0,0,0
"""Train/pos/crop001628.png""",1,180,202,0,0,0,0,0,0,0,0,0,0,0,0,0,0,126,164,247,661,0,0,0,0,0,0,0,0,0,0,0,0,0,0,0,0,0,0,0,0,0,0,0,0,0,0,0,0
"""Train/pos/crop001629.png""",3,536,269,419,263,677,315,0,0,0,0,0,0,0,0,0,0,451,219,558,691,352,225,469,652,640,280,726,635,0,0,0,0,0,0,0,0,0,0,0,0,0,0,0,0,0,0,0,0
"""Train/pos/crop001630.png""",1,160,103,0,0,0,0,0,0,0,0,0,0,0,0,0,0,134,81,183,207,0,0,0,0,0,0,0,0,0,0,0,0,0,0,0,0,0,0,0,0,0,0,0,0,0,0,0,0
"""Train/pos/crop001632.png""",1,194,166,0,0,0,0,0,0,0,0,0,0,0,0,0,0,166,144,226,319,0,0,0,0,0,0,0,0,0,0,0,0,0,0,0,0,0,0,0,0,0,0,0,0,0,0,0,0
"""Train/pos/crop001635.png""",5,465,461,305,340,634,292,691,285,110,399,0,0,0,0,0,0,417,404,546,853,186,284,384,852,603,270,659,450,666,263,714,449,71,370,148,623,0,0,0,0,0,0,0,0,0,0,0,0
"""Train/pos/crop001636.png""",1,650,317,0,0,0,0,0,0,0,0,0,0,0,0,0,0,609,283,699,604,0,0,0,0,0,0,0,0,0,0,0,0,0,0,0,0,0,0,0,0,0,0,0,0,0,0,0,0
"""Train/pos/crop001637.png""",3,399,343,471,306,588,318,0,0,0,0,0,0,0,0,0,0,350,314,434,557,439,282,493,453,532,278,643,638,0,0,0,0,0,0,0,0,0,0,0,0,0,0,0,0,0,0,0,0
"""Train/pos/crop001640.png""",1,394,225,0,0,0,0,0,0,0,0,0,0,0,0,0,0,286,165,500,806,0,0,0,0,0,0,0,0,0,0,0,0,0,0,0,0,0,0,0,0,0,0,0,0,0,0,0,0
"""Train/pos/crop001642.png""",3,535,299,340,276,1033,318,0,0,0,0,0,0,0,0,0,0,489,261,606,691,248,219,391,704,940,270,1062,700,0,0,0,0,0,0,0,0,0,0,0,0,0,0,0,0,0,0,0,0
"""Train/pos/crop001643.png""",1,243,170,0,0,0,0,0,0,0,0,0,0,0,0,0,0,217,148,278,347,0,0,0,0,0,0,0,0,0,0,0,0,0,0,0,0,0,0,0,0,0,0,0,0,0,0,0,0
"""Train/pos/crop001644.png""",1,193,216,0,0,0,0,0,0,0,0,0,0,0,0,0,0,149,183,243,506,0,0,0,0,0,0,0,0,0,0,0,0,0,0,0,0,0,0,0,0,0,0,0,0,0,0,0,0
"""Train/pos/crop001646.png""",5,296,246,395,236,464,266,617,252,669,265,0,0,0,0,0,0,250,220,325,431,352,208,430,418,430,242,500,460,592,231,646,420,640,243,695,423,0,0,0,0,0,0,0,0,0,0,0,0
"""Train/pos/crop001647.png""",2,272,189,234,187,0,0,0,0,0,0,0,0,0,0,0,0,253,171,306,296,210,170,254,300,0,0,0,0,0,0,0,0,0,0,0,0,0,0,0,0,0,0,0,0,0,0,0,0
"""Train/pos/crop001648.png""",2,504,274,275,287,0,0,0,0,0,0,0,0,0,0,0,0,465,247,555,530,245,259,304,469,0,0,0,0,0,0,0,0,0,0,0,0,0,0,0,0,0,0,0,0,0,0,0,0
"""Train/pos/crop001649.png""",4,608,364,170,344,482,284,410,299,0,0,0,0,0,0,0,0,541,314,671,760,119,315,223,634,465,270,498,368,379,273,441,448,0,0,0,0,0,0,0,0,0,0,0,0,0,0,0,0
"""Train/pos/crop001650.png""",1,358,192,0,0,0,0,0,0,0,0,0,0,0,0,0,0,328,173,389,316,0,0,0,0,0,0,0,0,0,0,0,0,0,0,0,0,0,0,0,0,0,0,0,0,0,0,0,0
"""Train/pos/crop001651.png""",3,565,321,337,288,486,319,0,0,0,0,0,0,0,0,0,0,497,280,638,721,277,258,400,614,439,289,523,590,0,0,0,0,0,0,0,0,0,0,0,0,0,0,0,0,0,0,0,0
"""Train/pos/crop001652.png""",1,150,215,0,0,0,0,0,0,0,0,0,0,0,0,0,0,64,167,235,780,0,0,0,0,0,0,0,0,0,0,0,0,0,0,0,0,0,0,0,0,0,0,0,0,0,0,0,0
"""Train/pos/crop001655.png""",4,477,278,396,293,247,283,104,277,0,0,0,0,0,0,0,0,435,255,523,512,347,270,431,508,217,265,275,436,80,258,122,392,0,0,0,0,0,0,0,0,0,0,0,0,0,0,0,0
"""Train/pos/crop001656.png""",1,429,199,0,0,0,0,0,0,0,0,0,0,0,0,0,0,397,180,457,366,0,0,0,0,0,0,0,0,0,0,0,0,0,0,0,0,0,0,0,0,0,0,0,0,0,0,0,0
"""Train/pos/crop001657.png""",2,406,169,185,169,0,0,0,0,0,0,0,0,0,0,0,0,371,145,441,380,155,149,236,373,0,0,0,0,0,0,0,0,0,0,0,0,0,0,0,0,0,0,0,0,0,0,0,0
"""Train/pos/crop001662.png""",3,249,238,126,228,211,230,0,0,0,0,0,0,0,0,0,0,222,221,271,339,98,206,151,332,187,213,228,337,0,0,0,0,0,0,0,0,0,0,0,0,0,0,0,0,0,0,0,0
"""Train/pos/crop001663.png""",1,321,199,0,0,0,0,0,0,0,0,0,0,0,0,0,0,276,167,361,382,0,0,0,0,0,0,0,0,0,0,0,0,0,0,0,0,0,0,0,0,0,0,0,0,0,0,0,0
"""Train/pos/crop001665.png""",1,274,338,0,0,0,0,0,0,0,0,0,0,0,0,0,0,200,292,335,687,0,0,0,0,0,0,0,0,0,0,0,0,0,0,0,0,0,0,0,0,0,0,0,0,0,0,0,0
"""Train/pos/crop001666.png""",2,264,381,471,395,0,0,0,0,0,0,0,0,0,0,0,0,197,347,326,692,437,357,555,693,0,0,0,0,0,0,0,0,0,0,0,0,0,0,0,0,0,0,0,0,0,0,0,0
"""Train/pos/crop001667.png""",1,345,276,0,0,0,0,0,0,0,0,0,0,0,0,0,0,169,190,410,748,0,0,0,0,0,0,0,0,0,0,0,0,0,0,0,0,0,0,0,0,0,0,0,0,0,0,0,0
"""Train/pos/crop001668.png""",5,466,218,203,171,419,134,309,125,600,111,0,0,0,0,0,0,441,202,483,327,179,153,226,273,397,117,436,203,283,110,328,197,576,89,624,203,0,0,0,0,0,0,0,0,0,0,0,0
"""Train/pos/crop001669.png""",2,367,112,600,263,0,0,0,0,0,0,0,0,0,0,0,0,347,99,381,173,578,243,619,332,0,0,0,0,0,0,0,0,0,0,0,0,0,0,0,0,0,0,0,0,0,0,0,0
"""Train/pos/crop001671.png""",1,350,363,0,0,0,0,0,0,0,0,0,0,0,0,0,0,273,296,458,784,0,0,0,0,0,0,0,0,0,0,0,0,0,0,0,0,0,0,0,0,0,0,0,0,0,0,0,0
"""Train/pos/crop001672.png""",1,314,327,0,0,0,0,0,0,0,0,0,0,0,0,0,0,255,267,421,776,0,0,0,0,0,0,0,0,0,0,0,0,0,0,0,0,0,0,0,0,0,0,0,0,0,0,0,0
"""Train/pos/crop001673.png""",1,282,204,0,0,0,0,0,0,0,0,0,0,0,0,0,0,227,174,335,479,0,0,0,0,0,0,0,0,0,0,0,0,0,0,0,0,0,0,0,0,0,0,0,0,0,0,0,0
"""Train/pos/crop001674.png""",1,287,275,0,0,0,0,0,0,0,0,0,0,0,0,0,0,243,204,407,722,0,0,0,0,0,0,0,0,0,0,0,0,0,0,0,0,0,0,0,0,0,0,0,0,0,0,0,0
"""Train/pos/crop001675.png""",1,256,336,0,0,0,0,0,0,0,0,0,0,0,0,0,0,213,302,324,601,0,0,0,0,0,0,0,0,0,0,0,0,0,0,0,0,0,0,0,0,0,0,0,0,0,0,0,0
"""Train/pos/crop001677.png""",1,148,134,0,0,0,0,0,0,0,0,0,0,0,0,0,0,133,119,173,221,0,0,0,0,0,0,0,0,0,0,0,0,0,0,0,0,0,0,0,0,0,0,0,0,0,0,0,0
"""Train/pos/crop001678.png""",1,165,110,0,0,0,0,0,0,0,0,0,0,0,0,0,0,145,93,182,192,0,0,0,0,0,0,0,0,0,0,0,0,0,0,0,0,0,0,0,0,0,0,0,0,0,0,0,0
"""Train/pos/crop001679.png""",5,908,354,632,338,297,301,208,298,541,353,0,0,0,0,0,0,818,311,982,800,559,295,696,687,234,271,362,639,168,276,246,518,473,314,594,641,0,0,0,0,0,0,0,0,0,0,0,0
"""Train/pos/crop001680.png""",2,182,212,256,207,0,0,0,0,0,0,0,0,0,0,0,0,151,185,212,378,230,189,289,326,0,0,0,0,0,0,0,0,0,0,0,0,0,0,0,0,0,0,0,0,0,0,0,0
"""Train/pos/crop001681.png""",1,238,259,0,0,0,0,0,0,0,0,0,0,0,0,0,0,175,222,287,609,0,0,0,0,0,0,0,0,0,0,0,0,0,0,0,0,0,0,0,0,0,0,0,0,0,0,0,0
"""Train/pos/crop001685.png""",1,100,123,0,0,0,0,0,0,0,0,0,0,0,0,0,0,65,95,147,322,0,0,0,0,0,0,0,0,0,0,0,0,0,0,0,0,0,0,0,0,0,0,0,0,0,0,0,0
"""Train/pos/crop001686.png""",1,89,119,0,0,0,0,0,0,0,0,0,0,0,0,0,0,73,103,101,169,0,0,0,0,0,0,0,0,0,0,0,0,0,0,0,0,0,0,0,0,0,0,0,0,0,0,0,0
"""Train/pos/crop001687.png""",1,253,193,0,0,0,0,0,0,0,0,0,0,0,0,0,0,160,130,328,749,0,0,0,0,0,0,0,0,0,0,0,0,0,0,0,0,0,0,0,0,0,0,0,0,0,0,0,0
"""Train/pos/crop001689.png""",3,148,216,229,161,311,166,0,0,0,0,0,0,0,0,0,0,41,154,204,748,152,102,319,676,263,109,424,650,0,0,0,0,0,0,0,0,0,0,0,0,0,0,0,0,0,0,0,0
"""Train/pos/crop001690.png""",4,300,251,390,202,596,241,619,46,0,0,0,0,0,0,0,0,261,216,353,507,351,176,452,451,540,207,637,485,591,22,668,228,0,0,0,0,0,0,0,0,0,0,0,0,0,0,0,0
"""Train/pos/crop001691.png""",3,265,268,344,153,443,72,0,0,0,0,0,0,0,0,0,0,197,237,296,515,303,132,362,353,410,45,486,250,0,0,0,0,0,0,0,0,0,0,0,0,0,0,0,0,0,0,0,0
"""Train/pos/crop001692.png""",2,122,246,273,333,0,0,0,0,0,0,0,0,0,0,0,0,51,207,157,556,188,292,291,649,0,0,0,0,0,0,0,0,0,0,0,0,0,0,0,0,0,0,0,0,0,0,0,0
"""Train/pos/crop001693.png""",2,291,203,362,245,0,0,0,0,0,0,0,0,0,0,0,0,245,178,310,384,320,228,390,436,0,0,0,0,0,0,0,0,0,0,0,0,0,0,0,0,0,0,0,0,0,0,0,0
"""Train/pos/crop001694.png""",3,647,348,548,269,356,399,0,0,0,0,0,0,0,0,0,0,555,302,705,765,482,225,593,631,267,360,458,797,0,0,0,0,0,0,0,0,0,0,0,0,0,0,0,0,0,0,0,0
"""Train/pos/crop001695.png""",1,167,175,0,0,0,0,0,0,0,0,0,0,0,0,0,0,140,151,199,344,0,0,0,0,0,0,0,0,0,0,0,0,0,0,0,0,0,0,0,0,0,0,0,0,0,0,0,0
"""Train/pos/crop001696.png""",3,443,219,734,249,923,222,0,0,0,0,0,0,0,0,0,0,372,181,493,556,685,212,762,588,822,154,974,692,0,0,0,0,0,0,0,0,0,0,0,0,0,0,0,0,0,0,0,0
"""Train/pos/crop001697.png""",1,166,252,0,0,0,0,0,0,0,0,0,0,0,0,0,0,67,198,265,759,0,0,0,0,0,0,0,0,0,0,0,0,0,0,0,0,0,0,0,0,0,0,0,0,0,0,0,0
"""Train/pos/crop001698.png""",1,292,177,0,0,0,0,0,0,0,0,0,0,0,0,0,0,238,153,322,412,0,0,0,0,0,0,0,0,0,0,0,0,0,0,0,0,0,0,0,0,0,0,0,0,0,0,0,0
"""Train/pos/crop001699.png""",1,277,255,0,0,0,0,0,0,0,0,0,0,0,0,0,0,204,200,363,754,0,0,0,0,0,0,0,0,0,0,0,0,0,0,0,0,0,0,0,0,0,0,0,0,0,0,0,0
"""Train/pos/crop001700.png""",2,204,312,302,293,0,0,0,0,0,0,0,0,0,0,0,0,158,274,250,633,244,244,379,617,0,0,0,0,0,0,0,0,0,0,0,0,0,0,0,0,0,0,0,0,0,0,0,0
"""Train/pos/crop001701.png""",1,290,245,0,0,0,0,0,0,0,0,0,0,0,0,0,0,247,200,375,648,0,0,0,0,0,0,0,0,0,0,0,0,0,0,0,0,0,0,0,0,0,0,0,0,0,0,0,0
"""Train/pos/crop001702.png""",2,437,262,351,275,0,0,0,0,0,0,0,0,0,0,0,0,401,233,465,494,310,242,394,471,0,0,0,0,0,0,0,0,0,0,0,0,0,0,0,0,0,0,0,0,0,0,0,0
"""Train/pos/crop001703.png""",2,397,340,298,338,0,0,0,0,0,0,0,0,0,0,0,0,356,286,482,752,221,295,342,740,0,0,0,0,0,0,0,0,0,0,0,0,0,0,0,0,0,0,0,0,0,0,0,0
"""Train/pos/crop001705.png""",2,389,264,197,272,0,0,0,0,0,0,0,0,0,0,0,0,347,227,419,532,165,241,248,528,0,0,0,0,0,0,0,0,0,0,0,0,0,0,0,0,0,0,0,0,0,0,0,0
"""Train/pos/crop001707.png""",3,321,230,442,243,227,237,0,0,0,0,0,0,0,0,0,0,265,195,372,549,400,218,479,487,198,212,266,471,0,0,0,0,0,0,0,0,0,0,0,0,0,0,0,0,0,0,0,0
"""Train/pos/crop001708.png""",2,234,262,147,210,0,0,0,0,0,0,0,0,0,0,0,0,171,201,322,720,105,190,180,434,0,0,0,0,0,0,0,0,0,0,0,0,0,0,0,0,0,0,0,0,0,0,0,0
"""Train/pos/crop001709.png""",2,285,130,91,115,0,0,0,0,0,0,0,0,0,0,0,0,264,111,308,213,70,96,122,190,0,0,0,0,0,0,0,0,0,0,0,0,0,0,0,0,0,0,0,0,0,0,0,0
"""Train/pos/crop001710.png""",3,181,214,237,215,374,204,0,0,0,0,0,0,0,0,0,0,150,193,208,407,211,193,260,352,354,190,387,288,0,0,0,0,0,0,0,0,0,0,0,0,0,0,0,0,0,0,0,0
"""Train/pos/crop001711.png""",7,335,339,258,343,189,296,63,303,144,314,456,327,575,339,0,0,295,295,397,712,207,315,299,610,152,278,232,529,26,275,99,503,114,294,172,501,426,297,500,564,525,291,654,654,0,0,0,0
"""Train/pos/crop001712.png""",2,453,297,254,397,0,0,0,0,0,0,0,0,0,0,0,0,418,263,515,600,220,359,335,689,0,0,0,0,0,0,0,0,0,0,0,0,0,0,0,0,0,0,0,0,0,0,0,0
"""Train/pos/crop001713.png""",1,145,300,0,0,0,0,0,0,0,0,0,0,0,0,0,0,62,230,254,798,0,0,0,0,0,0,0,0,0,0,0,0,0,0,0,0,0,0,0,0,0,0,0,0,0,0,0,0
"""Train/pos/crop001714.png""",1,206,319,0,0,0,0,0,0,0,0,0,0,0,0,0,0,158,278,246,683,0,0,0,0,0,0,0,0,0,0,0,0,0,0,0,0,0,0,0,0,0,0,0,0,0,0,0,0
"""Train/pos/crop001717.png""",1,237,143,0,0,0,0,0,0,0,0,0,0,0,0,0,0,209,120,274,310,0,0,0,0,0,0,0,0,0,0,0,0,0,0,0,0,0,0,0,0,0,0,0,0,0,0,0,0
"""Train/pos/crop001720.png""",3,196,392,299,405,224,404,0,0,0,0,0,0,0,0,0,0,164,367,229,569,254,378,328,577,204,388,247,505,0,0,0,0,0,0,0,0,0,0,0,0,0,0,0,0,0,0,0,0
"""Train/pos/crop001721.png""",1,111,97,0,0,0,0,0,0,0,0,0,0,0,0,0,0,93,83,133,179,0,0,0,0,0,0,0,0,0,0,0,0,0,0,0,0,0,0,0,0,0,0,0,0,0,0,0,0
"""Train/pos/crop001806.png""",4,242,173,339,191,162,205,504,198,0,0,0,0,0,0,0,0,200,143,279,424,307,165,364,402,125,182,198,403,481,183,521,319,0,0,0,0,0,0,0,0,0,0,0,0,0,0,0,0
"""Train/pos/crop001807.png""",2,276,176,244,170,0,0,0,0,0,0,0,0,0,0,0,0,258,156,302,321,219,152,274,318,0,0,0,0,0,0,0,0,0,0,0,0,0,0,0,0,0,0,0,0,0,0,0,0
"""Train/pos/crop001808.png""",1,222,238,0,0,0,0,0,0,0,0,0,0,0,0,0,0,183,206,277,534,0,0,0,0,0,0,0,0,0,0,0,0,0,0,0,0,0,0,0,0,0,0,0,0,0,0,0,0
"""Train/pos/crop001809.png""",3,352,228,307,252,176,264,0,0,0,0,0,0,0,0,0,0,313,199,380,482,258,221,331,478,141,232,217,490,0,0,0,0,0,0,0,0,0,0,0,0,0,0,0,0,0,0,0,0
"""Train/pos/crop001810.png""",1,265,298,0,0,0,0,0,0,0,0,0,0,0,0,0,0,219,259,301,587,0,0,0,0,0,0,0,0,0,0,0,0,0,0,0,0,0,0,0,0,0,0,0,0,0,0,0,0
"""Train/pos/crop001811.png""",1,197,225,0,0,0,0,0,0,0,0,0,0,0,0,0,0,138,171,251,551,0,0,0,0,0,0,0,0,0,0,0,0,0,0,0,0,0,0,0,0,0,0,0,0,0,0,0,0
"""Train/pos/crop001812.png""",2,316,178,202,210,0,0,0,0,0,0,0,0,0,0,0,0,288,153,363,366,174,188,219,344,0,0,0,0,0,0,0,0,0,0,0,0,0,0,0,0,0,0,0,0,0,0,0,0
"""Train/pos/crop001813.png""",1,151,131,0,0,0,0,0,0,0,0,0,0,0,0,0,0,131,112,171,227,0,0,0,0,0,0,0,0,0,0,0,0,0,0,0,0,0,0,0,0,0,0,0,0,0,0,0,0
"""Train/pos/crop001814.png""",1,108,108,0,0,0,0,0,0,0,0,0,0,0,0,0,0,88,89,131,201,0,0,0,0,0,0,0,0,0,0,0,0,0,0,0,0,0,0,0,0,0,0,0,0,0,0,0,0
"""Train/pos/crop001815.png""",2,214,143,171,163,0,0,0,0,0,0,0,0,0,0,0,0,193,127,233,240,153,147,191,249,0,0,0,0,0,0,0,0,0,0,0,0,0,0,0,0,0,0,0,0,0,0,0,0
"""Train/pos/crop001816.png""",1,259,227,0,0,0,0,0,0,0,0,0,0,0,0,0,0,231,192,314,487,0,0,0,0,0,0,0,0,0,0,0,0,0,0,0,0,0,0,0,0,0,0,0,0,0,0,0,0
"""Train/pos/crop001817.png""",1,159,151,0,0,0,0,0,0,0,0,0,0,0,0,0,0,126,131,180,293,0,0,0,0,0,0,0,0,0,0,0,0,0,0,0,0,0,0,0,0,0,0,0,0,0,0,0,0
"""Train/pos/crop001818.png""",1,92,172,0,0,0,0,0,0,0,0,0,0,0,0,0,0,61,152,119,326,0,0,0,0,0,0,0,0,0,0,0,0,0,0,0,0,0,0,0,0,0,0,0,0,0,0,0,0
"""Train/pos/crop001819.png""",1,158,119,0,0,0,0,0,0,0,0,0,0,0,0,0,0,135,103,179,204,0,0,0,0,0,0,0,0,0,0,0,0,0,0,0,0,0,0,0,0,0,0,0,0,0,0,0,0
"""Train/pos/crop001820.png""",1,222,192,0,0,0,0,0,0,0,0,0,0,0,0,0,0,170,155,246,453,0,0,0,0,0,0,0,0,0,0,0,0,0,0,0,0,0,0,0,0,0,0,0,0,0,0,0,0
"""Train/pos/crop001823.png""",1,117,102,0,0,0,0,0,0,0,0,0,0,0,0,0,0,94,84,134,194,0,0,0,0,0,0,0,0,0,0,0,0,0,0,0,0,0,0,0,0,0,0,0,0,0,0,0,0
"""Train/pos/crop001824.png""",1,344,159,0,0,0,0,0,0,0,0,0,0,0,0,0,0,329,149,359,231,0,0,0,0,0,0,0,0,0,0,0,0,0,0,0,0,0,0,0,0,0,0,0,0,0,0,0,0
"""Train/pos/crop001829.png""",1,322,179,0,0,0,0,0,0,0,0,0,0,0,0,0,0,302,161,341,279,0,0,0,0,0,0,0,0,0,0,0,0,0,0,0,0,0,0,0,0,0,0,0,0,0,0,0,0
"""Train/pos/crop001830.png""",1,223,189,0,0,0,0,0,0,0,0,0,0,0,0,0,0,191,170,238,321,0,0,0,0,0,0,0,0,0,0,0,0,0,0,0,0,0,0,0,0,0,0,0,0,0,0,0,0
"""Train/pos/crop001831.png""",1,138,142,0,0,0,0,0,0,0,0,0,0,0,0,0,0,118,119,176,258,0,0,0,0,0,0,0,0,0,0,0,0,0,0,0,0,0,0,0,0,0,0,0,0,0,0,0,0
"""Train/pos/crop001832.png""",1,85,102,0,0,0,0,0,0,0,0,0,0,0,0,0,0,66,84,103,193,0,0,0,0,0,0,0,0,0,0,0,0,0,0,0,0,0,0,0,0,0,0,0,0,0,0,0,0
"""Train/pos/crop001833.png""",1,139,104,0,0,0,0,0,0,0,0,0,0,0,0,0,0,118,87,156,188,0,0,0,0,0,0,0,0,0,0,0,0,0,0,0,0,0,0,0,0,0,0,0,0,0,0,0,0
"""Train/pos/crop001835.png""",2,326,247,426,201,0,0,0,0,0,0,0,0,0,0,0,0,216,181,399,780,358,136,517,802,0,0,0,0,0,0,0,0,0,0,0,0,0,0,0,0,0,0,0,0,0,0,0,0
"""Train/pos/crop001836.png""",4,513,211,597,203,364,179,428,174,0,0,0,0,0,0,0,0,463,157,575,647,559,150,663,669,259,126,366,644,365,124,495,652,0,0,0,0,0,0,0,0,0,0,0,0,0,0,0,0
"""Train/pos/crop001837.png""",1,270,142,0,0,0,0,0,0,0,0,0,0,0,0,0,0,131,108,293,389,0,0,0,0,0,0,0,0,0,0,0,0,0,0,0,0,0,0,0,0,0,0,0,0,0,0,0,0
"""Train/pos/crop001838.png""",3,565,157,253,155,96,169,0,0,0,0,0,0,0,0,0,0,536,133,594,404,229,130,273,375,72,144,119,368,0,0,0,0,0,0,0,0,0,0,0,0,0,0,0,0,0,0,0,0
"""Train/pos/crop001839.png""",2,438,165,83,164,0,0,0,0,0,0,0,0,0,0,0,0,385,134,487,439,43,137,106,368,0,0,0,0,0,0,0,0,0,0,0,0,0,0,0,0,0,0,0,0,0,0,0,0
"""Train/pos/crop001840.png""",2,381,145,301,138,0,0,0,0,0,0,0,0,0,0,0,0,353,118,405,338,275,108,322,342,0,0,0,0,0,0,0,0,0,0,0,0,0,0,0,0,0,0,0,0,0,0,0,0
"""Train/pos/crop001841.png""",1,457,170,0,0,0,0,0,0,0,0,0,0,0,0,0,0,426,148,500,384,0,0,0,0,0,0,0,0,0,0,0,0,0,0,0,0,0,0,0,0,0,0,0,0,0,0,0,0
"""Train/pos/crop001842.png""",2,271,197,327,216,0,0,0,0,0,0,0,0,0,0,0,0,247,177,301,315,296,194,345,329,0,0,0,0,0,0,0,0,0,0,0,0,0,0,0,0,0,0,0,0,0,0,0,0
"""Train/pos/crop001843.png""",1,469,202,0,0,0,0,0,0,0,0,0,0,0,0,0,0,443,177,503,413,0,0,0,0,0,0,0,0,0,0,0,0,0,0,0,0,0,0,0,0,0,0,0,0,0,0,0,0
"""Train/pos/crop_000010.png""",1,341,217,0,0,0,0,0,0,0,0,0,0,0,0,0,0,194,127,413,647,0,0,0,0,0,0,0,0,0,0,0,0,0,0,0,0,0,0,0,0,0,0,0,0,0,0,0,0
"""Train/pos/crop_000011.png""",1,225,172,0,0,0,0,0,0,0,0,0,0,0,0,0,0,146,101,376,598,0,0,0,0,0,0,0,0,0,0,0,0,0,0,0,0,0,0,0,0,0,0,0,0,0,0,0,0
"""Train/pos/crop_000603.png""",1,142,100,0,0,0,0,0,0,0,0,0,0,0,0,0,0,85,41,282,634,0,0,0,0,0,0,0,0,0,0,0,0,0,0,0,0,0,0,0,0,0,0,0,0,0,0,0,0
"""Train/pos/crop_000606.png""",2,207,150,263,135,0,0,0,0,0,0,0,0,0,0,0,0,164,127,243,379,227,113,313,356,0,0,0,0,0,0,0,0,0,0,0,0,0,0,0,0,0,0,0,0,0,0,0,0
"""Train/pos/crop_000607.png""",2,267,148,687,128,0,0,0,0,0,0,0,0,0,0,0,0,225,93,416,638,572,64,774,704,0,0,0,0,0,0,0,0,0,0,0,0,0,0,0,0,0,0,0,0,0,0,0,0
"""Train/pos/crop_000608.png""",1,182,143,0,0,0,0,0,0,0,0,0,0,0,0,0,0,124,125,248,389,0,0,0,0,0,0,0,0,0,0,0,0,0,0,0,0,0,0,0,0,0,0,0,0,0,0,0,0
"""Train/pos/person_044.png""",2,48,164,331,150,0,0,0,0,0,0,0,0,0,0,0,0,16,148,68,282,292,115,381,406,0,0,0,0,0,0,0,0,0,0,0,0,0,0,0,0,0,0,0,0,0,0,0,0
"""Train/pos/person_050.png""",2,380,131,103,121,0,0,0,0,0,0,0,0,0,0,0,0,332,95,451,418,87,109,119,199,0,0,0,0,0,0,0,0,0,0,0,0,0,0,0,0,0,0,0,0,0,0,0,0
"""Train/pos/person_060.png""",1,319,229,0,0,0,0,0,0,0,0,0,0,0,0,0,0,289,216,339,345,0,0,0,0,0,0,0,0,0,0,0,0,0,0,0,0,0,0,0,0,0,0,0,0,0,0,0,0
"""Train/pos/person_061.png""",1,252,193,0,0,0,0,0,0,0,0,0,0,0,0,0,0,210,168,275,365,0,0,0,0,0,0,0,0,0,0,0,0,0,0,0,0,0,0,0,0,0,0,0,0,0,0,0,0
"""Train/pos/person_086.png""",1,279,182,0,0,0,0,0,0,0,0,0,0,0,0,0,0,229,148,331,488,0,0,0,0,0,0,0,0,0,0,0,0,0,0,0,0,0,0,0,0,0,0,0,0,0,0,0,0
"""Train/pos/person_091.png""",4,134,202,390,201,238,210,40,201,0,0,0,0,0,0,0,0,115,185,153,286,357,179,409,351,187,181,287,484,23,189,54,283,0,0,0,0,0,0,0,0,0,0,0,0,0,0,0,0
"""Train/pos/person_097.png""",2,310,135,214,189,0,0,0,0,0,0,0,0,0,0,0,0,267,86,386,566,78,139,244,570,0,0,0,0,0,0,0,0,0,0,0,0,0,0,0,0,0,0,0,0,0,0,0,0
"""Train/pos/person_101.png""",2,400,243,236,209,0,0,0,0,0,0,0,0,0,0,0,0,375,219,446,421,201,184,290,481,0,0,0,0,0,0,0,0,0,0,0,0,0,0,0,0,0,0,0,0,0,0,0,0
"""Train/pos/person_102.png""",2,232,109,70,123,0,0,0,0,0,0,0,0,0,0,0,0,162,59,324,448,36,101,103,277,0,0,0,0,0,0,0,0,0,0,0,0,0,0,0,0,0,0,0,0,0,0,0,0
"""Train/pos/person_103.png""",1,244,240,0,0,0,0,0,0,0,0,0,0,0,0,0,0,220,222,276,377,0,0,0,0,0,0,0,0,0,0,0,0,0,0,0,0,0,0,0,0,0,0,0,0,0,0,0,0
"""Train/pos/person_106.png""",1,251,287,0,0,0,0,0,0,0,0,0,0,0,0,0,0,220,270,281,404,0,0,0,0,0,0,0,0,0,0,0,0,0,0,0,0,0,0,0,0,0,0,0,0,0,0,0,0
"""Train/pos/person_111.png""",2,248,184,86,169,0,0,0,0,0,0,0,0,0,0,0,0,154,127,329,591,30,143,125,445,0,0,0,0,0,0,0,0,0,0,0,0,0,0,0,0,0,0,0,0,0,0,0,0
"""Train/pos/person_112.png""",3,353,145,260,182,98,148,0,0,0,0,0,0,0,0,0,0,268,98,417,635,198,133,299,571,11,96,164,603,0,0,0,0,0,0,0,0,0,0,0,0,0,0,0,0,0,0,0,0
"""Train/pos/person_114.png""",2,174,102,314,155,0,0,0,0,0,0,0,0,0,0,0,0,31,32,244,632,240,81,391,636,0,0,0,0,0,0,0,0,0,0,0,0,0,0,0,0,0,0,0,0,0,0,0,0
"""Train/pos/person_117.png""",1,241,194,0,0,0,0,0,0,0,0,0,0,0,0,0,0,170,153,333,570,0,0,0,0,0,0,0,0,0,0,0,0,0,0,0,0,0,0,0,0,0,0,0,0,0,0,0,0
"""Train/pos/person_119.png""",1,231,192,0,0,0,0,0,0,0,0,0,0,0,0,0,0,163,165,292,504,0,0,0,0,0,0,0,0,0,0,0,0,0,0,0,0,0,0,0,0,0,0,0,0,0,0,0,0
"""Train/pos/person_121.png""",2,209,177,164,126,0,0,0,0,0,0,0,0,0,0,0,0,189,139,294,473,149,112,180,218,0,0,0,0,0,0,0,0,0,0,0,0,0,0,0,0,0,0,0,0,0,0,0,0
"""Train/pos/person_124.png""",1,287,88,0,0,0,0,0,0,0,0,0,0,0,0,0,0,253,71,321,266,0,0,0,0,0,0,0,0,0,0,0,0,0,0,0,0,0,0,0,0,0,0,0,0,0,0,0,0
"""Train/pos/person_125.png""",2,135,147,321,119,0,0,0,0,0,0,0,0,0,0,0,0,96,99,218,630,275,79,422,637,0,0,0,0,0,0,0,0,0,0,0,0,0,0,0,0,0,0,0,0,0,0,0,0
"""Train/pos/person_126.png""",3,268,137,94,190,151,168,0,0,0,0,0,0,0,0,0,0,188,102,348,522,63,172,115,304,127,155,174,300,0,0,0,0,0,0,0,0,0,0,0,0,0,0,0,0,0,0,0,0
"""Train/pos/person_128.png""",3,230,131,93,111,391,164,0,0,0,0,0,0,0,0,0,0,184,104,262,321,75,98,114,200,359,145,429,325,0,0,0,0,0,0,0,0,0,0,0,0,0,0,0,0,0,0,0,0
"""Train/pos/person_129.png""",3,346,182,285,197,195,225,0,0,0,0,0,0,0,0,0,0,321,159,385,360,260,165,311,363,169,210,232,358,0,0,0,0,0,0,0,0,0,0,0,0,0,0,0,0,0,0,0,0
"""Train/pos/person_130.png""",1,339,125,0,0,0,0,0,0,0,0,0,0,0,0,0,0,297,84,394,412,0,0,0,0,0,0,0,0,0,0,0,0,0,0,0,0,0,0,0,0,0,0,0,0,0,0,0,0
"""Train/pos/person_131.png""",3,248,197,321,191,403,187,0,0,0,0,0,0,0,0,0,0,215,176,282,384,293,172,360,363,383,167,428,341,0,0,0,0,0,0,0,0,0,0,0,0,0,0,0,0,0,0,0,0
"""Train/pos/person_133.png""",3,368,177,120,251,282,193,0,0,0,0,0,0,0,0,0,0,335,152,400,370,93,231,146,376,237,178,310,371,0,0,0,0,0,0,0,0,0,0,0,0,0,0,0,0,0,0,0,0
"""Train/pos/person_139.png""",5,530,150,456,142,312,149,222,174,98,147,0,0,0,0,0,0,500,129,556,347,412,114,495,347,245,117,349,432,156,145,259,439,56,124,141,377,0,0,0,0,0,0,0,0,0,0,0,0
"""Train/pos/person_141.png""",1,292,148,0,0,0,0,0,0,0,0,0,0,0,0,0,0,248,125,361,363,0,0,0,0,0,0,0,0,0,0,0,0,0,0,0,0,0,0,0,0,0,0,0,0,0,0,0,0
"""Train/pos/person_142.png""",2,154,234,306,65,0,0,0,0,0,0,0,0,0,0,0,0,125,204,209,398,266,14,386,417,0,0,0,0,0,0,0,0,0,0,0,0,0,0,0,0,0,0,0,0,0,0,0,0
"""Train/pos/person_143.png""",3,346,94,270,110,158,112,0,0,0,0,0,0,0,0,0,0,306,64,388,379,231,80,309,367,98,78,214,378,0,0,0,0,0,0,0,0,0,0,0,0,0,0,0,0,0,0,0,0
"""Train/pos/person_156.png""",2,377,223,284,212,0,0,0,0,0,0,0,0,0,0,0,0,336,201,425,399,245,187,330,424,0,0,0,0,0,0,0,0,0,0,0,0,0,0,0,0,0,0,0,0,0,0,0,0
"""Train/pos/person_160.png""",3,282,164,128,153,401,143,0,0,0,0,0,0,0,0,0,0,218,137,337,413,57,123,186,434,345,125,454,414,0,0,0,0,0,0,0,0,0,0,0,0,0,0,0,0,0,0,0,0
"""Train/pos/person_162.png""",2,357,173,248,181,0,0,0,0,0,0,0,0,0,0,0,0,309,153,417,424,203,155,298,422,0,0,0,0,0,0,0,0,0,0,0,0,0,0,0,0,0,0,0,0,0,0,0,0
"""Train/pos/person_165.png""",1,307,223,0,0,0,0,0,0,0,0,0,0,0,0,0,0,276,203,348,362,0,0,0,0,0,0,0,0,0,0,0,0,0,0,0,0,0,0,0,0,0,0,0,0,0,0,0,0
"""Train/pos/person_166.png""",2,371,180,290,178,0,0,0,0,0,0,0,0,0,0,0,0,345,159,413,372,244,156,329,382,0,0,0,0,0,0,0,0,0,0,0,0,0,0,0,0,0,0,0,0,0,0,0,0
"""Train/pos/person_167.png""",2,351,182,296,201,0,0,0,0,0,0,0,0,0,0,0,0,304,159,383,364,259,178,321,359,0,0,0,0,0,0,0,0,0,0,0,0,0,0,0,0,0,0,0,0,0,0,0,0
"""Train/pos/person_168.png""",2,275,221,337,211,0,0,0,0,0,0,0,0,0,0,0,0,246,207,291,323,314,195,360,324,0,0,0,0,0,0,0,0,0,0,0,0,0,0,0,0,0,0,0,0,0,0,0,0
"""Train/pos/person_169.png""",2,335,152,232,151,0,0,0,0,0,0,0,0,0,0,0,0,278,131,393,399,179,126,275,408,0,0,0,0,0,0,0,0,0,0,0,0,0,0,0,0,0,0,0,0,0,0,0,0
"""Train/pos/person_170.png""",2,465,177,255,180,0,0,0,0,0,0,0,0,0,0,0,0,431,149,496,377,206,155,298,391,0,0,0,0,0,0,0,0,0,0,0,0,0,0,0,0,0,0,0,0,0,0,0,0
"""Train/pos/person_171.png""",2,337,187,254,205,0,0,0,0,0,0,0,0,0,0,0,0,296,167,378,417,209,184,288,397,0,0,0,0,0,0,0,0,0,0,0,0,0,0,0,0,0,0,0,0,0,0,0,0
"""Train/pos/person_172.png""",3,422,199,325,204,268,202,0,0,0,0,0,0,0,0,0,0,375,183,454,374,292,180,363,376,241,184,290,325,0,0,0,0,0,0,0,0,0,0,0,0,0,0,0,0,0,0,0,0
"""Train/pos/person_173.png""",2,420,158,331,167,0,0,0,0,0,0,0,0,0,0,0,0,384,131,471,425,302,136,390,409,0,0,0,0,0,0,0,0,0,0,0,0,0,0,0,0,0,0,0,0,0,0,0,0
"""Train/pos/person_174.png""",3,367,129,214,208,460,250,0,0,0,0,0,0,0,0,0,0,318,103,424,371,169,184,241,372,427,225,499,367,0,0,0,0,0,0,0,0,0,0,0,0,0,0,0,0,0,0,0,0
"""Train/pos/person_175.png""",5,214,172,588,159,492,172,140,159,386,153,0,0,0,0,0,0,185,151,243,323,548,132,615,325,467,151,514,301,107,142,165,326,356,137,402,302,0,0,0,0,0,0,0,0,0,0,0,0
"""Train/pos/person_176.png""",5,412,134,288,149,184,167,90,154,40,153,0,0,0,0,0,0,356,103,477,424,243,112,346,421,160,146,208,265,69,139,114,261,19,140,60,259,0,0,0,0,0,0,0,0,0,0,0,0
"""Train/pos/person_177.png""",3,286,155,370,162,552,166,0,0,0,0,0,0,0,0,0,0,240,126,310,399,331,139,408,388,530,152,568,283,0,0,0,0,0,0,0,0,0,0,0,0,0,0,0,0,0,0,0,0
"""Train/pos/person_178.png""",3,428,186,485,179,201,164,0,0,0,0,0,0,0,0,0,0,362,159,468,398,459,155,528,416,165,134,256,414,0,0,0,0,0,0,0,0,0,0,0,0,0,0,0,0,0,0,0,0
"""Train/pos/person_179.png""",1,354,171,0,0,0,0,0,0,0,0,0,0,0,0,0,0,278,137,406,431,0,0,0,0,0,0,0,0,0,0,0,0,0,0,0,0,0,0,0,0,0,0,0,0,0,0,0,0
"""Train/pos/person_181.png""",2,423,196,295,195,0,0,0,0,0,0,0,0,0,0,0,0,371,172,463,375,281,178,333,384,0,0,0,0,0,0,0,0,0,0,0,0,0,0,0,0,0,0,0,0,0,0,0,0
"""Train/pos/person_185.png""",3,428,199,342,207,254,226,0,0,0,0,0,0,0,0,0,0,389,172,458,379,312,184,371,393,228,201,278,367,0,0,0,0,0,0,0,0,0,0,0,0,0,0,0,0,0,0,0,0
"""Train/pos/person_187.png""",4,323,243,380,253,440,285,523,233,0,0,0,0,0,0,0,0,292,219,340,415,344,232,405,426,406,266,458,432,483,209,563,401,0,0,0,0,0,0,0,0,0,0,0,0,0,0,0,0
"""Train/pos/person_195.png""",4,360,191,294,209,91,203,58,192,0,0,0,0,0,0,0,0,321,165,399,375,264,188,319,376,65,172,115,360,24,179,78,344,0,0,0,0,0,0,0,0,0,0,0,0,0,0,0,0
"""Train/pos/person_196.png""",2,383,107,253,125,0,0,0,0,0,0,0,0,0,0,0,0,330,74,448,397,196,97,286,387,0,0,0,0,0,0,0,0,0,0,0,0,0,0,0,0,0,0,0,0,0,0,0,0
"""Train/pos/person_199.png""",6,184,210,257,199,333,193,381,203,555,195,401,204,0,0,0,0,131,185,215,401,213,173,277,388,288,171,359,396,348,182,402,385,523,174,577,292,387,189,436,348,0,0,0,0,0,0,0,0
"""Train/pos/person_201.png""",1,340,235,0,0,0,0,0,0,0,0,0,0,0,0,0,0,309,218,349,342,0,0,0,0,0,0,0,0,0,0,0,0,0,0,0,0,0,0,0,0,0,0,0,0,0,0,0,0
"""Train/pos/person_202.png""",5,243,130,458,180,380,127,564,124,294,129,0,0,0,0,0,0,201,110,276,376,431,150,508,371,354,106,405,269,539,108,594,255,275,115,313,240,0,0,0,0,0,0,0,0,0,0,0,0
"""Train/pos/person_203.png""",4,206,208,489,215,369,216,246,213,0,0,0,0,0,0,0,0,189,198,223,311,468,203,509,312,350,206,387,310,233,200,261,307,0,0,0,0,0,0,0,0,0,0,0,0,0,0,0,0
"""Train/pos/person_208.png""",2,346,145,443,107,0,0,0,0,0,0,0,0,0,0,0,0,298,106,418,446,421,91,466,235,0,0,0,0,0,0,0,0,0,0,0,0,0,0,0,0,0,0,0,0,0,0,0,0
"""Train/pos/person_209.png""",2,274,167,372,177,0,0,0,0,0,0,0,0,0,0,0,0,224,148,311,385,321,146,413,476,0,0,0,0,0,0,0,0,0,0,0,0,0,0,0,0,0,0,0,0,0,0,0,0
"""Train/pos/person_211.png""",1,435,193,0,0,0,0,0,0,0,0,0,0,0,0,0,0,397,160,469,413,0,0,0,0,0,0,0,0,0,0,0,0,0,0,0,0,0,0,0,0,0,0,0,0,0,0,0,0
"""Train/pos/person_214.png""",2,434,170,240,158,0,0,0,0,0,0,0,0,0,0,0,0,395,133,492,435,183,129,273,431,0,0,0,0,0,0,0,0,0,0,0,0,0,0,0,0,0,0,0,0,0,0,0,0
"""Train/pos/person_219.png""",3,421,159,332,215,140,172,0,0,0,0,0,0,0,0,0,0,360,129,469,435,296,187,373,425,106,154,158,311,0,0,0,0,0,0,0,0,0,0,0,0,0,0,0,0,0,0,0,0
"""Train/pos/person_220.png""",2,262,138,336,135,0,0,0,0,0,0,0,0,0,0,0,0,233,117,279,269,307,117,366,262,0,0,0,0,0,0,0,0,0,0,0,0,0,0,0,0,0,0,0,0,0,0,0,0
"""Train/pos/person_221.png""",1,356,171,0,0,0,0,0,0,0,0,0,0,0,0,0,0,322,141,407,357,0,0,0,0,0,0,0,0,0,0,0,0,0,0,0,0,0,0,0,0,0,0,0,0,0,0,0,0
"""Train/pos/person_223.png""",2,273,104,412,99,0,0,0,0,0,0,0,0,0,0,0,0,199,60,346,438,350,60,486,406,0,0,0,0,0,0,0,0,0,0,0,0,0,0,0,0,0,0,0,0,0,0,0,0
"""Train/pos/person_224.png""",4,284,140,350,167,423,145,518,191,0,0,0,0,0,0,0,0,237,111,319,438,318,139,382,394,367,125,472,410,471,169,551,390,0,0,0,0,0,0,0,0,0,0,0,0,0,0,0,0
"""Train/pos/person_225.png""",3,270,101,461,109,120,42,0,0,0,0,0,0,0,0,0,0,211,61,327,432,403,59,522,441,59,17,180,355,0,0,0,0,0,0,0,0,0,0,0,0,0,0,0,0,0,0,0,0
"""Train/pos/person_228.png""",3,277,132,353,139,166,116,0,0,0,0,0,0,0,0,0,0,229,103,309,403,290,104,397,436,133,98,178,206,0,0,0,0,0,0,0,0,0,0,0,0,0,0,0,0,0,0,0,0
"""Train/pos/person_229.png""",3,400,134,308,137,341,113,0,0,0,0,0,0,0,0,0,0,353,87,473,477,222,91,334,477,324,100,363,241,0,0,0,0,0,0,0,0,0,0,0,0,0,0,0,0,0,0,0,0
"""Train/pos/person_231.png""",3,384,133,308,97,174,146,0,0,0,0,0,0,0,0,0,0,355,97,461,452,261,61,375,471,116,105,205,433,0,0,0,0,0,0,0,0,0,0,0,0,0,0,0,0,0,0,0,0
"""Train/pos/person_232.png""",3,301,61,415,106,78,96,0,0,0,0,0,0,0,0,0,0,194,13,358,452,363,68,476,457,42,78,103,234,0,0,0,0,0,0,0,0,0,0,0,0,0,0,0,0,0,0,0,0
"""Train/pos/person_233.png""",2,220,190,471,184,0,0,0,0,0,0,0,0,0,0,0,0,171,165,270,412,427,165,500,402,0,0,0,0,0,0,0,0,0,0,0,0,0,0,0,0,0,0,0,0,0,0,0,0
"""Train/pos/person_234.png""",3,267,192,369,186,148,185,0,0,0,0,0,0,0,0,0,0,236,170,301,361,332,161,409,358,115,166,176,329,0,0,0,0,0,0,0,0,0,0,0,0,0,0,0,0,0,0,0,0
"""Train/pos/person_235.png""",2,263,143,429,110,0,0,0,0,0,0,0,0,0,0,0,0,190,116,326,447,356,72,490,425,0,0,0,0,0,0,0,0,0,0,0,0,0,0,0,0,0,0,0,0,0,0,0,0
"""Train/pos/person_237.png""",4,348,150,268,183,518,138,472,147,0,0,0,0,0,0,0,0,312,123,403,407,224,140,322,407,503,129,535,223,453,138,487,226,0,0,0,0,0,0,0,0,0,0,0,0,0,0,0,0
"""Train/pos/person_238.png""",2,391,125,233,166,0,0,0,0,0,0,0,0,0,0,0,0,336,93,462,423,190,123,283,415,0,0,0,0,0,0,0,0,0,0,0,0,0,0,0,0,0,0,0,0,0,0,0,0
"""Train/pos/person_239.png""",2,329,115,269,115,0,0,0,0,0,0,0,0,0,0,0,0,276,84,388,429,205,81,293,441,0,0,0,0,0,0,0,0,0,0,0,0,0,0,0,0,0,0,0,0,0,0,0,0
"""Train/pos/person_240.png""",2,261,131,368,113,0,0,0,0,0,0,0,0,0,0,0,0,204,102,337,461,319,78,444,446,0,0,0,0,0,0,0,0,0,0,0,0,0,0,0,0,0,0,0,0,0,0,0,0
"""Train/pos/person_241.png""",2,265,125,412,132,0,0,0,0,0,0,0,0,0,0,0,0,216,87,332,423,359,95,459,420,0,0,0,0,0,0,0,0,0,0,0,0,0,0,0,0,0,0,0,0,0,0,0,0
"""Train/pos/person_242.png""",2,323,138,429,84,0,0,0,0,0,0,0,0,0,0,0,0,233,93,357,443,365,50,484,437,0,0,0,0,0,0,0,0,0,0,0,0,0,0,0,0,0,0,0,0,0,0,0,0
"""Train/pos/person_243.png""",2,169,161,221,161,0,0,0,0,0,0,0,0,0,0,0,0,118,139,200,423,177,134,271,421,0,0,0,0,0,0,0,0,0,0,0,0,0,0,0,0,0,0,0,0,0,0,0,0
"""Train/pos/person_244.png""",2,258,144,357,92,0,0,0,0,0,0,0,0,0,0,0,0,220,110,301,407,297,64,425,444,0,0,0,0,0,0,0,0,0,0,0,0,0,0,0,0,0,0,0,0,0,0,0,0
"""Train/pos/person_245.png""",2,228,104,287,213,0,0,0,0,0,0,0,0,0,0,0,0,107,55,256,434,236,177,332,425,0,0,0,0,0,0,0,0,0,0,0,0,0,0,0,0,0,0,0,0,0,0,0,0
"""Train/pos/person_252.png""",2,435,157,257,191,0,0,0,0,0,0,0,0,0,0,0,0,391,137,481,430,214,171,293,425,0,0,0,0,0,0,0,0,0,0,0,0,0,0,0,0,0,0,0,0,0,0,0,0
"""Train/pos/person_253.png""",5,386,175,180,144,281,158,236,199,101,150,0,0,0,0,0,0,332,144,457,437,139,121,207,358,254,134,322,343,206,178,267,364,83,139,118,236,0,0,0,0,0,0,0,0,0,0,0,0
"""Train/pos/person_254.png""",3,300,158,257,133,429,218,0,0,0,0,0,0,0,0,0,0,274,129,351,367,208,110,290,386,390,185,452,378,0,0,0,0,0,0,0,0,0,0,0,0,0,0,0,0,0,0,0,0
"""Train/pos/person_256.png""",1,390,139,0,0,0,0,0,0,0,0,0,0,0,0,0,0,321,100,443,432,0,0,0,0,0,0,0,0,0,0,0,0,0,0,0,0,0,0,0,0,0,0,0,0,0,0,0,0
"""Train/pos/person_257.png""",2,377,202,295,203,0,0,0,0,0,0,0,0,0,0,0,0,353,186,407,358,273,188,330,360,0,0,0,0,0,0,0,0,0,0,0,0,0,0,0,0,0,0,0,0,0,0,0,0
"""Train/pos/person_258.png""",1,393,187,0,0,0,0,0,0,0,0,0,0,0,0,0,0,369,172,424,324,0,0,0,0,0,0,0,0,0,0,0,0,0,0,0,0,0,0,0,0,0,0,0,0,0,0,0,0
"""Train/pos/person_259.png""",4,359,187,303,197,206,196,257,201,0,0,0,0,0,0,0,0,338,172,392,336,267,170,329,336,183,179,222,329,228,183,278,328,0,0,0,0,0,0,0,0,0,0,0,0,0,0,0,0
"""Train/pos/person_260.png""",2,364,195,311,216,0,0,0,0,0,0,0,0,0,0,0,0,336,180,388,311,287,192,335,315,0,0,0,0,0,0,0,0,0,0,0,0,0,0,0,0,0,0,0,0,0,0,0,0
"""Train/pos/person_266.png""",2,169,107,585,118,0,0,0,0,0,0,0,0,0,0,0,0,99,66,239,462,549,96,603,307,0,0,0,0,0,0,0,0,0,0,0,0,0,0,0,0,0,0,0,0,0,0,0,0
"""Train/pos/person_269.png""",4,213,105,332,89,411,113,514,115,0,0,0,0,0,0,0,0,149,65,272,461,262,60,372,425,364,75,463,441,443,79,591,477,0,0,0,0,0,0,0,0,0,0,0,0,0,0,0,0
"""Train/pos/person_270.png""",2,393,127,268,112,0,0,0,0,0,0,0,0,0,0,0,0,345,91,462,475,214,67,328,475,0,0,0,0,0,0,0,0,0,0,0,0,0,0,0,0,0,0,0,0,0,0,0,0
"""Train/pos/person_273.png""",3,513,192,556,197,352,226,0,0,0,0,0,0,0,0,0,0,483,172,537,322,528,176,582,315,302,195,367,470,0,0,0,0,0,0,0,0,0,0,0,0,0,0,0,0,0,0,0,0
"""Train/pos/person_274.png""",2,331,169,523,159,0,0,0,0,0,0,0,0,0,0,0,0,292,145,360,378,435,122,584,477,0,0,0,0,0,0,0,0,0,0,0,0,0,0,0,0,0,0,0,0,0,0,0,0
"""Train/pos/person_275.png""",1,307,198,0,0,0,0,0,0,0,0,0,0,0,0,0,0,269,184,346,399,0,0,0,0,0,0,0,0,0,0,0,0,0,0,0,0,0,0,0,0,0,0,0,0,0,0,0,0
"""Train/pos/person_279.png""",4,489,220,294,251,216,202,155,200,0,0,0,0,0,0,0,0,468,203,523,365,266,226,323,401,192,179,245,326,124,186,172,306,0,0,0,0,0,0,0,0,0,0,0,0,0,0,0,0
"""Train/pos/person_281.png""",2,337,161,215,158,0,0,0,0,0,0,0,0,0,0,0,0,291,138,382,396,197,141,251,322,0,0,0,0,0,0,0,0,0,0,0,0,0,0,0,0,0,0,0,0,0,0,0,0
"""Train/pos/person_283.png""",1,363,165,0,0,0,0,0,0,0,0,0,0,0,0,0,0,268,123,452,466,0,0,0,0,0,0,0,0,0,0,0,0,0,0,0,0,0,0,0,0,0,0,0,0,0,0,0,0
"""Train/pos/person_284.png""",2,305,167,584,132,0,0,0,0,0,0,0,0,0,0,0,0,237,144,367,369,560,118,604,222,0,0,0,0,0,0,0,0,0,0,0,0,0,0,0,0,0,0,0,0,0,0,0,0
"""Train/pos/person_285.png""",1,302,199,0,0,0,0,0,0,0,0,0,0,0,0,0,0,268,171,348,370,0,0,0,0,0,0,0,0,0,0,0,0,0,0,0,0,0,0,0,0,0,0,0,0,0,0,0,0
"""Train/pos/person_286.png""",2,389,142,227,142,0,0,0,0,0,0,0,0,0,0,0,0,368,130,422,268,195,113,313,408,0,0,0,0,0,0,0,0,0,0,0,0,0,0,0,0,0,0,0,0,0,0,0,0
"""Train/pos/person_287.png""",2,313,173,464,155,0,0,0,0,0,0,0,0,0,0,0,0,257,150,354,402,448,140,500,319,0,0,0,0,0,0,0,0,0,0,0,0,0,0,0,0,0,0,0,0,0,0,0,0
"""Train/pos/person_288.png""",2,233,185,312,165,0,0,0,0,0,0,0,0,0,0,0,0,196,154,268,423,263,144,353,413,0,0,0,0,0,0,0,0,0,0,0,0,0,0,0,0,0,0,0,0,0,0,0,0
"""Train/pos/person_289.png""",2,360,195,315,191,0,0,0,0,0,0,0,0,0,0,0,0,334,174,397,419,269,165,343,440,0,0,0,0,0,0,0,0,0,0,0,0,0,0,0,0,0,0,0,0,0,0,0,0
"""Train/pos/person_291.png""",2,295,174,378,174,0,0,0,0,0,0,0,0,0,0,0,0,226,144,346,475,333,146,431,477,0,0,0,0,0,0,0,0,0,0,0,0,0,0,0,0,0,0,0,0,0,0,0,0
"""Train/pos/person_292.png""",2,322,192,265,182,0,0,0,0,0,0,0,0,0,0,0,0,273,164,377,426,249,165,293,330,0,0,0,0,0,0,0,0,0,0,0,0,0,0,0,0,0,0,0,0,0,0,0,0
"""Train/pos/person_294.png""",1,317,191,0,0,0,0,0,0,0,0,0,0,0,0,0,0,272,171,366,410,0,0,0,0,0,0,0,0,0,0,0,0,0,0,0,0,0,0,0,0,0,0,0,0,0,0,0,0
"""Train/pos/person_295.png""",1,303,172,0,0,0,0,0,0,0,0,0,0,0,0,0,0,251,139,339,398,0,0,0,0,0,0,0,0,0,0,0,0,0,0,0,0,0,0,0,0,0,0,0,0,0,0,0,0
"""Train/pos/person_296.png""",1,281,153,0,0,0,0,0,0,0,0,0,0,0,0,0,0,227,123,318,450,0,0,0,0,0,0,0,0,0,0,0,0,0,0,0,0,0,0,0,0,0,0,0,0,0,0,0,0
"""Train/pos/person_297.png""",4,352,180,293,187,243,175,29,195,0,0,0,0,0,0,0,0,317,154,390,419,270,160,339,393,203,150,273,403,3,180,55,310,0,0,0,0,0,0,0,0,0,0,0,0,0,0,0,0
"""Train/pos/person_298.png""",2,307,178,380,248,0,0,0,0,0,0,0,0,0,0,0,0,249,155,333,426,341,224,410,399,0,0,0,0,0,0,0,0,0,0,0,0,0,0,0,0,0,0,0,0,0,0,0,0
"""Train/pos/person_299.png""",2,257,152,363,242,0,0,0,0,0,0,0,0,0,0,0,0,192,123,284,464,313,215,391,431,0,0,0,0,0,0,0,0,0,0,0,0,0,0,0,0,0,0,0,0,0,0,0,0
"""Train/pos/person_300.png""",2,290,130,359,84,0,0,0,0,0,0,0,0,0,0,0,0,252,106,378,402,338,70,375,187,0,0,0,0,0,0,0,0,0,0,0,0,0,0,0,0,0,0,0,0,0,0,0,0
"""Train/pos/person_301.png""",1,302,180,0,0,0,0,0,0,0,0,0,0,0,0,0,0,274,156,341,410,0,0,0,0,0,0,0,0,0,0,0,0,0,0,0,0,0,0,0,0,0,0,0,0,0,0,0,0
"""Train/pos/person_302.png""",2,394,185,266,194,0,0,0,0,0,0,0,0,0,0,0,0,334,161,442,443,209,158,310,465,0,0,0,0,0,0,0,0,0,0,0,0,0,0,0,0,0,0,0,0,0,0,0,0
"""Train/pos/person_304.png""",3,351,135,86,102,150,88,0,0,0,0,0,0,0,0,0,0,300,85,413,459,56,73,163,317,131,68,198,290,0,0,0,0,0,0,0,0,0,0,0,0,0,0,0,0,0,0,0,0
"""Train/pos/person_305.png""",2,310,199,218,219,0,0,0,0,0,0,0,0,0,0,0,0,278,179,340,351,169,188,258,435,0,0,0,0,0,0,0,0,0,0,0,0,0,0,0,0,0,0,0,0,0,0,0,0
"""Train/pos/person_319.png""",4,314,212,195,181,580,185,617,183,0,0,0,0,0,0,0,0,280,188,352,388,168,161,214,337,564,171,597,278,594,168,634,270,0,0,0,0,0,0,0,0,0,0,0,0,0,0,0,0
"""Train/pos/person_320.png""",3,375,172,300,149,497,142,0,0,0,0,0,0,0,0,0,0,324,145,456,475,263,123,360,429,477,127,515,227,0,0,0,0,0,0,0,0,0,0,0,0,0,0,0,0,0,0,0,0
"""Train/pos/person_321.png""",2,401,184,450,178,0,0,0,0,0,0,0,0,0,0,0,0,383,169,422,277,435,165,477,283,0,0,0,0,0,0,0,0,0,0,0,0,0,0,0,0,0,0,0,0,0,0,0,0
"""Train/pos/person_324.png""",2,409,183,458,186,0,0,0,0,0,0,0,0,0,0,0,0,376,162,436,305,425,162,485,313,0,0,0,0,0,0,0,0,0,0,0,0,0,0,0,0,0,0,0,0,0,0,0,0
"""Train/pos/person_327.png""",1,257,137,0,0,0,0,0,0,0,0,0,0,0,0,0,0,218,109,281,330,0,0,0,0,0,0,0,0,0,0,0,0,0,0,0,0,0,0,0,0,0,0,0,0,0,0,0,0
"""Train/pos/person_328.png""",1,112,239,0,0,0,0,0,0,0,0,0,0,0,0,0,0,94,227,136,350,0,0,0,0,0,0,0,0,0,0,0,0,0,0,0,0,0,0,0,0,0,0,0,0,0,0,0,0
"""Train/pos/person_329.png""",1,460,136,0,0,0,0,0,0,0,0,0,0,0,0,0,0,430,117,503,324,0,0,0,0,0,0,0,0,0,0,0,0,0,0,0,0,0,0,0,0,0,0,0,0,0,0,0,0
"""Train/pos/person_331.png""",3,322,169,419,158,212,109,0,0,0,0,0,0,0,0,0,0,294,143,353,326,391,142,448,281,154,65,286,471,0,0,0,0,0,0,0,0,0,0,0,0,0,0,0,0,0,0,0,0
"""Train/pos/person_333.png""",4,246,189,327,188,208,209,388,182,0,0,0,0,0,0,0,0,217,168,283,334,297,173,353,285,177,190,237,333,367,170,413,280,0,0,0,0,0,0,0,0,0,0,0,0,0,0,0,0
"""Train/pos/person_334.png""",3,333,117,247,127,413,156,0,0,0,0,0,0,0,0,0,0,281,82,398,473,160,88,297,470,389,126,450,403,0,0,0,0,0,0,0,0,0,0,0,0,0,0,0,0,0,0,0,0
"""Train/pos/person_339.png""",3,95,170,192,162,227,156,0,0,0,0,0,0,0,0,0,0,52,153,156,422,177,150,233,305,205,141,263,289,0,0,0,0,0,0,0,0,0,0,0,0,0,0,0,0,0,0,0,0
"""Train/pos/person_340.png""",2,350,148,245,143,0,0,0,0,0,0,0,0,0,0,0,0,276,117,415,417,168,120,280,418,0,0,0,0,0,0,0,0,0,0,0,0,0,0,0,0,0,0,0,0,0,0,0,0
"""Train/pos/person_341.png""",2,317,93,227,123,0,0,0,0,0,0,0,0,0,0,0,0,237,62,364,439,167,101,263,373,0,0,0,0,0,0,0,0,0,0,0,0,0,0,0,0,0,0,0,0,0,0,0,0
"""Train/pos/person_342.png""",1,270,215,0,0,0,0,0,0,0,0,0,0,0,0,0,0,219,187,308,412,0,0,0,0,0,0,0,0,0,0,0,0,0,0,0,0,0,0,0,0,0,0,0,0,0,0,0,0
"""Train/pos/person_343.png""",1,230,205,0,0,0,0,0,0,0,0,0,0,0,0,0,0,203,189,274,362,0,0,0,0,0,0,0,0,0,0,0,0,0,0,0,0,0,0,0,0,0,0,0,0,0,0,0,0
"""Train/pos/person_344.png""",1,110,105,0,0,0,0,0,0,0,0,0,0,0,0,0,0,73,77,163,366,0,0,0,0,0,0,0,0,0,0,0,0,0,0,0,0,0,0,0,0,0,0,0,0,0,0,0,0
"""Train/pos/person_346.png""",1,271,187,0,0,0,0,0,0,0,0,0,0,0,0,0,0,209,160,301,409,0,0,0,0,0,0,0,0,0,0,0,0,0,0,0,0,0,0,0,0,0,0,0,0,0,0,0,0
"""Train/pos/person_348.png""",4,259,170,92,172,342,181,148,182,0,0,0,0,0,0,0,0,230,153,287,312,67,152,117,314,321,165,375,325,133,169,173,283,0,0,0,0,0,0,0,0,0,0,0,0,0,0,0,0
"""Train/pos/person_349.png""",3,528,123,374,127,74,150,0,0,0,0,0,0,0,0,0,0,455,92,585,475,339,103,432,463,38,130,122,384,0,0,0,0,0,0,0,0,0,0,0,0,0,0,0,0,0,0,0,0
"""Train/pos/person_356.png""",1,224,155,0,0,0,0,0,0,0,0,0,0,0,0,0,0,161,120,289,589,0,0,0,0,0,0,0,0,0,0,0,0,0,0,0,0,0,0,0,0,0,0,0,0,0,0,0,0
"""Train/pos/person_357.png""",2,379,202,427,225,0,0,0,0,0,0,0,0,0,0,0,0,347,184,401,375,398,201,468,388,0,0,0,0,0,0,0,0,0,0,0,0,0,0,0,0,0,0,0,0,0,0,0,0
"""Train/pos/person_358.png""",1,281,238,0,0,0,0,0,0,0,0,0,0,0,0,0,0,245,220,310,357,0,0,0,0,0,0,0,0,0,0,0,0,0,0,0,0,0,0,0,0,0,0,0,0,0,0,0,0
"""Train/pos/person_376.png""",3,233,203,301,210,395,195,0,0,0,0,0,0,0,0,0,0,201,186,261,332,277,194,326,328,374,181,420,300,0,0,0,0,0,0,0,0,0,0,0,0,0,0,0,0,0,0,0,0
"""Train/pos/person_377.png""",5,353,208,463,209,45,226,80,222,425,215,0,0,0,0,0,0,326,193,389,359,448,194,483,304,24,213,69,330,63,207,100,327,408,201,444,308,0,0,0,0,0,0,0,0,0,0,0,0
"""Train/pos/person_378.png""",8,96,246,136,239,310,245,370,250,476,241,206,240,21,235,506,237,77,230,117,357,114,220,155,357,285,229,328,341,350,235,390,335,452,227,491,323,182,230,227,328,8,218,48,353,492,227,531,319
"""Train/pos/person_387.png""",2,253,181,313,194,0,0,0,0,0,0,0,0,0,0,0,0,224,152,305,425,289,170,345,404,0,0,0,0,0,0,0,0,0,0,0,0,0,0,0,0,0,0,0,0,0,0,0,0
"""Train/pos/person_395.png""",3,173,177,236,194,341,212,0,0,0,0,0,0,0,0,0,0,150,165,198,318,206,173,262,323,324,202,359,287,0,0,0,0,0,0,0,0,0,0,0,0,0,0,0,0,0,0,0,0
"""Train/pos/person_414.png""",3,312,145,143,143,504,124,0,0,0,0,0,0,0,0,0,0,274,121,337,307,105,119,167,303,481,108,522,225,0,0,0,0,0,0,0,0,0,0,0,0,0,0,0,0,0,0,0,0
"""Train/pos/person_425.png""",3,86,94,196,101,146,101,0,0,0,0,0,0,0,0,0,0,66,75,111,239,177,79,219,199,125,90,165,196,0,0,0,0,0,0,0,0,0,0,0,0,0,0,0,0,0,0,0,0
"""Train/pos/person_and_bike_002.png""",2,225,137,47,131,0,0,0,0,0,0,0,0,0,0,0,0,169,93,291,421,25,118,67,243,0,0,0,0,0,0,0,0,0,0,0,0,0,0,0,0,0,0,0,0,0,0,0,0
"""Train/pos/person_and_bike_003.png""",1,232,182,0,0,0,0,0,0,0,0,0,0,0,0,0,0,184,159,301,474,0,0,0,0,0,0,0,0,0,0,0,0,0,0,0,0,0,0,0,0,0,0,0,0,0,0,0,0
"""Train/pos/person_and_bike_005.png""",1,200,209,0,0,0,0,0,0,0,0,0,0,0,0,0,0,175,192,231,356,0,0,0,0,0,0,0,0,0,0,0,0,0,0,0,0,0,0,0,0,0,0,0,0,0,0,0,0
"""Train/pos/person_and_bike_007.png""",1,288,84,0,0,0,0,0,0,0,0,0,0,0,0,0,0,248,44,359,407,0,0,0,0,0,0,0,0,0,0,0,0,0,0,0,0,0,0,0,0,0,0,0,0,0,0,0,0
"""Train/pos/person_and_bike_008.png""",2,257,177,335,188,0,0,0,0,0,0,0,0,0,0,0,0,228,162,288,372,290,156,373,387,0,0,0,0,0,0,0,0,0,0,0,0,0,0,0,0,0,0,0,0,0,0,0,0
"""Train/pos/person_and_bike_009.png""",1,346,192,0,0,0,0,0,0,0,0,0,0,0,0,0,0,311,176,394,366,0,0,0,0,0,0,0,0,0,0,0,0,0,0,0,0,0,0,0,0,0,0,0,0,0,0,0,0
"""Train/pos/person_and_bike_010.png""",2,327,141,578,108,0,0,0,0,0,0,0,0,0,0,0,0,264,107,379,352,558,94,599,196,0,0,0,0,0,0,0,0,0,0,0,0,0,0,0,0,0,0,0,0,0,0,0,0
"""Train/pos/person_and_bike_011.png""",3,358,201,416,200,304,205,0,0,0,0,0,0,0,0,0,0,337,185,384,297,398,187,431,281,284,191,323,296,0,0,0,0,0,0,0,0,0,0,0,0,0,0,0,0,0,0,0,0
"""Train/pos/person_and_bike_013.png""",3,66,166,320,147,588,187,0,0,0,0,0,0,0,0,0,0,37,144,96,373,284,131,340,312,527,152,619,471,0,0,0,0,0,0,0,0,0,0,0,0,0,0,0,0,0,0,0,0
"""Train/pos/person_and_bike_015.png""",1,376,147,0,0,0,0,0,0,0,0,0,0,0,0,0,0,346,116,420,363,0,0,0,0,0,0,0,0,0,0,0,0,0,0,0,0,0,0,0,0,0,0,0,0,0,0,0,0
"""Train/pos/person_and_bike_016.png""",4,115,181,46,177,325,168,81,180,0,0,0,0,0,0,0,0,93,164,143,310,23,165,59,289,298,145,360,334,60,160,103,286,0,0,0,0,0,0,0,0,0,0,0,0,0,0,0,0
"""Train/pos/person_and_bike_017.png""",1,301,200,0,0,0,0,0,0,0,0,0,0,0,0,0,0,281,185,321,301,0,0,0,0,0,0,0,0,0,0,0,0,0,0,0,0,0,0,0,0,0,0,0,0,0,0,0,0
"""Train/pos/person_and_bike_019.png""",1,280,75,0,0,0,0,0,0,0,0,0,0,0,0,0,0,247,38,401,414,0,0,0,0,0,0,0,0,0,0,0,0,0,0,0,0,0,0,0,0,0,0,0,0,0,0,0,0
"""Train/pos/person_and_bike_020.png""",3,400,214,336,187,362,199,0,0,0,0,0,0,0,0,0,0,370,198,446,401,302,174,347,322,347,181,382,314,0,0,0,0,0,0,0,0,0,0,0,0,0,0,0,0,0,0,0,0
"""Train/pos/person_and_bike_021.png""",1,325,184,0,0,0,0,0,0,0,0,0,0,0,0,0,0,278,166,367,372,0,0,0,0,0,0,0,0,0,0,0,0,0,0,0,0,0,0,0,0,0,0,0,0,0,0,0,0
"""Train/pos/person_and_bike_022.png""",1,334,206,0,0,0,0,0,0,0,0,0,0,0,0,0,0,295,186,380,387,0,0,0,0,0,0,0,0,0,0,0,0,0,0,0,0,0,0,0,0,0,0,0,0,0,0,0,0
"""Train/pos/person_and_bike_023.png""",1,345,160,0,0,0,0,0,0,0,0,0,0,0,0,0,0,296,138,399,396,0,0,0,0,0,0,0,0,0,0,0,0,0,0,0,0,0,0,0,0,0,0,0,0,0,0,0,0
"""Train/pos/person_and_bike_026.png""",2,596,189,386,198,0,0,0,0,0,0,0,0,0,0,0,0,571,172,622,306,346,169,421,423,0,0,0,0,0,0,0,0,0,0,0,0,0,0,0,0,0,0,0,0,0,0,0,0
"""Train/pos/person_and_bike_030.png""",2,363,157,266,172,0,0,0,0,0,0,0,0,0,0,0,0,329,131,436,394,249,156,310,296,0,0,0,0,0,0,0,0,0,0,0,0,0,0,0,0,0,0,0,0,0,0,0,0
"""Train/pos/person_and_bike_031.png""",1,345,188,0,0,0,0,0,0,0,0,0,0,0,0,0,0,304,165,390,329,0,0,0,0,0,0,0,0,0,0,0,0,0,0,0,0,0,0,0,0,0,0,0,0,0,0,0,0
"""Train/pos/person_and_bike_033.png""",1,507,135,0,0,0,0,0,0,0,0,0,0,0,0,0,0,482,110,557,265,0,0,0,0,0,0,0,0,0,0,0,0,0,0,0,0,0,0,0,0,0,0,0,0,0,0,0,0
"""Train/pos/person_and_bike_034.png""",1,330,192,0,0,0,0,0,0,0,0,0,0,0,0,0,0,296,173,359,327,0,0,0,0,0,0,0,0,0,0,0,0,0,0,0,0,0,0,0,0,0,0,0,0,0,0,0,0
"""Train/pos/person_and_bike_036.png""",1,378,195,0,0,0,0,0,0,0,0,0,0,0,0,0,0,355,179,393,297,0,0,0,0,0,0,0,0,0,0,0,0,0,0,0,0,0,0,0,0,0,0,0,0,0,0,0,0
"""Train/pos/person_and_bike_039.png""",2,286,126,219,124,0,0,0,0,0,0,0,0,0,0,0,0,240,99,323,390,176,100,249,376,0,0,0,0,0,0,0,0,0,0,0,0,0,0,0,0,0,0,0,0,0,0,0,0
"""Train/pos/person_and_bike_040.png""",3,440,155,563,167,497,179,0,0,0,0,0,0,0,0,0,0,413,141,452,269,540,149,576,283,482,165,514,281,0,0,0,0,0,0,0,0,0,0,0,0,0,0,0,0,0,0,0,0
"""Train/pos/person_and_bike_074.png""",1,345,151,0,0,0,0,0,0,0,0,0,0,0,0,0,0,314,124,357,294,0,0,0,0,0,0,0,0,0,0,0,0,0,0,0,0,0,0,0,0,0,0,0,0,0,0,0,0
"""Train/pos/person_and_bike_075.png""",1,267,112,0,0,0,0,0,0,0,0,0,0,0,0,0,0,203,73,315,420,0,0,0,0,0,0,0,0,0,0,0,0,0,0,0,0,0,0,0,0,0,0,0,0,0,0,0,0
"""Train/pos/person_and_bike_078.png""",1,334,97,0,0,0,0,0,0,0,0,0,0,0,0,0,0,267,58,400,344,0,0,0,0,0,0,0,0,0,0,0,0,0,0,0,0,0,0,0,0,0,0,0,0,0,0,0,0
"""Train/pos/person_and_bike_117.png""",2,253,154,114,139,0,0,0,0,0,0,0,0,0,0,0,0,150,104,321,571,96,123,133,213,0,0,0,0,0,0,0,0,0,0,0,0,0,0,0,0,0,0,0,0,0,0,0,0
"""Train/pos/person_and_bike_118.png""",1,190,117,0,0,0,0,0,0,0,0,0,0,0,0,0,0,121,63,298,631,0,0,0,0,0,0,0,0,0,0,0,0,0,0,0,0,0,0,0,0,0,0,0,0,0,0,0,0
"""Train/pos/person_and_bike_119.png""",1,274,136,0,0,0,0,0,0,0,0,0,0,0,0,0,0,238,99,353,446,0,0,0,0,0,0,0,0,0,0,0,0,0,0,0,0,0,0,0,0,0,0,0,0,0,0,0,0
"""Train/pos/person_and_bike_120.png""",3,171,164,425,163,102,169,0,0,0,0,0,0,0,0,0,0,127,138,198,391,390,133,453,421,83,154,121,283,0,0,0,0,0,0,0,0,0,0,0,0,0,0,0,0,0,0,0,0
"""Train/pos/person_and_bike_121.png""",2,339,128,420,144,0,0,0,0,0,0,0,0,0,0,0,0,291,104,366,344,387,121,454,364,0,0,0,0,0,0,0,0,0,0,0,0,0,0,0,0,0,0,0,0,0,0,0,0
"""Train/pos/person_and_bike_123.png""",1,358,179,0,0,0,0,0,0,0,0,0,0,0,0,0,0,326,167,398,343,0,0,0,0,0,0,0,0,0,0,0,0,0,0,0,0,0,0,0,0,0,0,0,0,0,0,0,0
"""Train/pos/person_and_bike_124.png""",2,311,178,38,191,0,0,0,0,0,0,0,0,0,0,0,0,280,165,344,327,17,176,56,289,0,0,0,0,0,0,0,0,0,0,0,0,0,0,0,0,0,0,0,0,0,0,0,0
"""Train/pos/person_and_bike_125.png""",4,229,150,364,160,514,160,99,161,0,0,0,0,0,0,0,0,196,128,267,336,330,146,382,288,458,132,549,408,79,145,117,255,0,0,0,0,0,0,0,0,0,0,0,0,0,0,0,0
"""Train/pos/person_and_bike_127.png""",2,363,109,293,241,0,0,0,0,0,0,0,0,0,0,0,0,322,67,432,419,253,223,335,429,0,0,0,0,0,0,0,0,0,0,0,0,0,0,0,0,0,0,0,0,0,0,0,0
"""Train/pos/person_and_bike_128.png""",2,288,234,375,156,0,0,0,0,0,0,0,0,0,0,0,0,254,216,328,394,349,123,439,382,0,0,0,0,0,0,0,0,0,0,0,0,0,0,0,0,0,0,0,0,0,0,0,0
"""Train/pos/person_and_bike_129.png""",6,230,212,505,201,424,207,311,208,149,209,363,204,0,0,0,0,202,191,252,347,479,185,534,334,409,192,442,308,287,189,327,304,131,196,174,322,349,191,377,261,0,0,0,0,0,0,0,0
"""Train/pos/person_and_bike_130.png""",2,306,201,373,200,0,0,0,0,0,0,0,0,0,0,0,0,280,183,334,323,347,184,405,332,0,0,0,0,0,0,0,0,0,0,0,0,0,0,0,0,0,0,0,0,0,0,0,0
"""Train/pos/person_and_bike_132.png""",4,431,188,301,213,337,221,206,197,0,0,0,0,0,0,0,0,388,167,487,403,281,194,328,389,315,198,364,380,186,177,221,293,0,0,0,0,0,0,0,0,0,0,0,0,0,0,0,0
"""Train/pos/person_and_bike_134.png""",5,302,149,369,143,149,153,534,138,446,158,0,0,0,0,0,0,247,121,337,421,336,108,416,413,112,125,197,380,509,125,553,244,432,143,465,243,0,0,0,0,0,0,0,0,0,0,0,0
"""Train/pos/person_and_bike_135.png""",4,325,142,262,153,425,190,499,135,0,0,0,0,0,0,0,0,281,117,353,366,212,122,280,375,400,166,452,375,483,120,521,227,0,0,0,0,0,0,0,0,0,0,0,0,0,0,0,0
"""Train/pos/person_and_bike_137.png""",6,373,157,307,180,593,168,106,179,188,163,135,169,0,0,0,0,340,125,421,414,243,155,344,414,568,148,613,289,83,157,120,301,171,144,214,271,115,156,153,271,0,0,0,0,0,0,0,0
"""Train/pos/person_and_bike_138.png""",2,352,191,461,172,0,0,0,0,0,0,0,0,0,0,0,0,322,171,388,342,448,160,478,235,0,0,0,0,0,0,0,0,0,0,0,0,0,0,0,0,0,0,0,0,0,0,0,0
"""Train/pos/person_and_bike_139.png""",2,312,175,236,226,0,0,0,0,0,0,0,0,0,0,0,0,257,136,364,410,223,208,255,311,0,0,0,0,0,0,0,0,0,0,0,0,0,0,0,0,0,0,0,0,0,0,0,0
"""Train/pos/person_and_bike_142.png""",3,328,111,410,109,112,146,0,0,0,0,0,0,0,0,0,0,269,79,372,462,374,80,465,452,84,127,128,307,0,0,0,0,0,0,0,0,0,0,0,0,0,0,0,0,0,0,0,0
"""Train/pos/person_and_bike_143.png""",2,573,190,304,194,0,0,0,0,0,0,0,0,0,0,0,0,539,173,602,353,273,174,320,301,0,0,0,0,0,0,0,0,0,0,0,0,0,0,0,0,0,0,0,0,0,0,0,0
"""Train/pos/person_and_bike_146.png""",2,295,147,359,275,0,0,0,0,0,0,0,0,0,0,0,0,240,111,328,429,321,246,391,425,0,0,0,0,0,0,0,0,0,0,0,0,0,0,0,0,0,0,0,0,0,0,0,0
"""Train/pos/person_and_bike_147.png""",3,326,168,220,181,105,159,0,0,0,0,0,0,0,0,0,0,284,146,374,423,172,157,242,411,84,144,129,259,0,0,0,0,0,0,0,0,0,0,0,0,0,0,0,0,0,0,0,0
"""Train/pos/person_and_bike_148.png""",5,223,163,409,146,530,139,580,131,320,136,0,0,0,0,0,0,152,134,290,469,366,123,452,401,494,118,556,322,555,115,607,262,307,122,344,223,0,0,0,0,0,0,0,0,0,0,0,0
"""Train/pos/person_and_bike_150.png""",3,270,177,398,205,353,190,0,0,0,0,0,0,0,0,0,0,237,167,307,362,369,190,429,345,315,171,382,367,0,0,0,0,0,0,0,0,0,0,0,0,0,0,0,0,0,0,0,0
"""Train/pos/person_and_bike_151.png""",2,358,136,193,136,0,0,0,0,0,0,0,0,0,0,0,0,323,117,398,344,169,119,249,295,0,0,0,0,0,0,0,0,0,0,0,0,0,0,0,0,0,0,0,0,0,0,0,0
"""Train/pos/person_and_bike_152.png""",2,256,154,192,126,0,0,0,0,0,0,0,0,0,0,0,0,224,132,280,311,164,107,218,257,0,0,0,0,0,0,0,0,0,0,0,0,0,0,0,0,0,0,0,0,0,0,0,0
"""Train/pos/person_and_bike_155.png""",1,313,83,0,0,0,0,0,0,0,0,0,0,0,0,0,0,208,37,466,473,0,0,0,0,0,0,0,0,0,0,0,0,0,0,0,0,0,0,0,0,0,0,0,0,0,0,0,0
"""Train/pos/person_and_bike_156.png""",1,403,141,0,0,0,0,0,0,0,0,0,0,0,0,0,0,368,119,442,325,0,0,0,0,0,0,0,0,0,0,0,0,0,0,0,0,0,0,0,0,0,0,0,0,0,0,0,0
"""Train/pos/person_and_bike_157.png""",1,387,94,0,0,0,0,0,0,0,0,0,0,0,0,0,0,320,76,451,396,0,0,0,0,0,0,0,0,0,0,0,0,0,0,0,0,0,0,0,0,0,0,0,0,0,0,0,0
"""Train/pos/person_and_bike_166.png""",1,368,131,0,0,0,0,0,0,0,0,0,0,0,0,0,0,332,104,449,385,0,0,0,0,0,0,0,0,0,0,0,0,0,0,0,0,0,0,0,0,0,0,0,0,0,0,0,0
"""Train/pos/person_and_bike_191.png""",1,327,169,0,0,0,0,0,0,0,0,0,0,0,0,0,0,281,146,369,431,0,0,0,0,0,0,0,0,0,0,0,0,0,0,0,0,0,0,0,0,0,0,0,0,0,0,0,0
"""Train/pos/person_and_bike_207.png""",1,351,136,0,0,0,0,0,0,0,0,0,0,0,0,0,0,302,114,392,314,0,0,0,0,0,0,0,0,0,0,0,0,0,0,0,0,0,0,0,0,0,0,0,0,0,0,0,0
"""Train/pos/person_and_bike_208.png""",1,366,137,0,0,0,0,0,0,0,0,0,0,0,0,0,0,247,104,411,388,0,0,0,0,0,0,0,0,0,0,0,0,0,0,0,0,0,0,0,0,0,0,0,0,0,0,0,0
"""Train/pos/person_and_bike_209.png""",1,384,132,0,0,0,0,0,0,0,0,0,0,0,0,0,0,336,112,418,316,0,0,0,0,0,0,0,0,0,0,0,0,0,0,0,0,0,0,0,0,0,0,0,0,0,0,0,0
